zipcode,city,state
28315,Aberdeen,NC
28387,Aberdeen,NC
27006,Advance,NC
27910,Ahoskie,NC
27201,Alamance,NC
27215,Alamance,NC
28001,Albemarle,NC
28002,Albemarle,NC
28127,Albemarle,NC
28508,Albertson,NC
28701,Alexander,NC
28006,Alexis,NC
28509,Alliance,NC
28515,Alliance,NC
28529,Alliance,NC
28702,Almond,NC
27202,Altamahaw,NC
27244,Altamahaw,NC
28901,Andrews,NC
27501,Angier,NC
27526,Angier,NC
27592,Angier,NC
28007,Ansonville,NC
28170,Ansonville,NC
27502,Apex,NC
27511,Apex,NC
27523,Apex,NC
27539,Apex,NC
27562,Apex,NC
28510,Arapahoe,NC
28529,Arapahoe,NC
27007,Ararat,NC
28704,Arden,NC
28420,Ash,NC
27203,Asheboro,NC
27204,Asheboro,NC
27205,Asheboro,NC
27239,Asheboro,NC
27317,Asheboro,NC
28704,Asheville,NC
28715,Asheville,NC
28732,Asheville,NC
28776,Asheville,NC
28801,Asheville,NC
28802,Asheville,NC
28803,Asheville,NC
28804,Asheville,NC
28805,Asheville,NC
28806,Asheville,NC
28813,Asheville,NC
28814,Asheville,NC
28815,Asheville,NC
28816,Asheville,NC
28421,Atkinson,NC
28511,Atlantic,NC
28512,"Atlantic Beach",NC
27805,Aulander,NC
27806,Aurora,NC
28318,Autryville,NC
27915,Avon,NC
28513,Ayden,NC
27916,Aydlett,NC
28001,Badin,NC
28009,Badin,NC
28127,Badin,NC
27503,Bahama,NC
27807,Bailey,NC
28705,Bakersville,NC
28707,Balsam,NC
28708,"Balsam Grove",NC
28604,"Banner Elk",NC
27917,Barco,NC
28010,"Barium Springs",NC
28709,Barnardsville,NC
28319,Barnesville,NC
28710,"Bat Cave",NC
27808,Bath,NC
27889,Bath,NC
27809,Battleboro,NC
28515,Bayboro,NC
27207,"Bear Creek",NC
28516,Beaufort,NC
27009,"Belews Creek",NC
27810,Belhaven,NC
27811,Bellarthur,NC
28012,Belmont,NC
28056,Belmont,NC
27919,Belvidere,NC
27208,Bennett,NC
27504,Benson,NC
27524,Benson,NC
28016,"Bessemer City",NC
27040,Bethania,NC
27106,Bethania,NC
27812,Bethel,NC
28518,Beulaville,NC
27209,Biscoe,NC
27813,"Black Creek",NC
27893,"Black Creek",NC
28711,"Black Mountain",NC
28778,"Black Mountain",NC
28320,Bladenboro,NC
27212,Blanch,NC
27814,"Blounts Creek",NC
28605,"Blowing Rock",NC
28017,"Boiling Springs",NC
28152,"Boiling Springs",NC
28422,Bolivia,NC
28423,Bolton,NC
27213,Bonlee,NC
28606,Boomer,NC
28607,Boone,NC
28608,Boone,NC
27011,Boonville,NC
28018,Bostic,NC
28902,Brasstown,NC
28712,Brevard,NC
28768,Brevard,NC
28519,Bridgeton,NC
28560,Bridgeton,NC
27505,Broadway,NC
27214,"Browns Summit",NC
28424,Brunswick,NC
28472,Brunswick,NC
28713,"Bryson City",NC
27506,"Buies Creek",NC
27546,"Buies Creek",NC
27507,Bullock,NC
27508,Bunn,NC
28323,Bunnlevel,NC
28425,Burgaw,NC
27215,Burlington,NC
27216,Burlington,NC
27217,Burlington,NC
27220,Burlington,NC
27244,Burlington,NC
27253,Burlington,NC
27377,Burlington,NC
28714,Burnsville,NC
27509,Butner,NC
27522,Butner,NC
27581,Butner,NC
27920,Buxton,NC
27228,Bynum,NC
28467,Calabash,NC
28468,Calabash,NC
28325,Calypso,NC
28365,Calypso,NC
27921,Camden,NC
28326,Cameron,NC
28542,"Camp Lejeune",NC
28715,Candler,NC
27209,Candor,NC
27229,Candor,NC
28716,Canton,NC
28019,Caroleen,NC
28040,Caroleen,NC
28043,Caroleen,NC
28076,Caroleen,NC
28114,Caroleen,NC
28428,"Carolina Beach",NC
27510,Carrboro,NC
27516,Carrboro,NC
28326,Carthage,NC
28327,Carthage,NC
28374,Carthage,NC
27511,Cary,NC
27512,Cary,NC
27513,Cary,NC
27518,Cary,NC
27519,Cary,NC
27523,Cary,NC
27539,Cary,NC
27560,Cary,NC
27606,Cary,NC
27607,Cary,NC
28020,Casar,NC
28717,Cashiers,NC
27816,Castalia,NC
28429,"Castle Hayne",NC
28609,Catawba,NC
28610,Catawba,NC
27230,"Cedar Falls",NC
27231,"Cedar Grove",NC
28520,"Cedar Island",NC
28718,"Cedar Mountain",NC
28430,"Cerro Gordo",NC
28431,Chadbourn,NC
27514,"Chapel Hill",NC
27515,"Chapel Hill",NC
27516,"Chapel Hill",NC
27517,"Chapel Hill",NC
27599,"Chapel Hill",NC
27707,"Chapel Hill",NC
28078,Charlotte,NC
28105,Charlotte,NC
28126,Charlotte,NC
28130,Charlotte,NC
28134,Charlotte,NC
28201,Charlotte,NC
28202,Charlotte,NC
28203,Charlotte,NC
28204,Charlotte,NC
28205,Charlotte,NC
28206,Charlotte,NC
28207,Charlotte,NC
28208,Charlotte,NC
28209,Charlotte,NC
28210,Charlotte,NC
28211,Charlotte,NC
28212,Charlotte,NC
28213,Charlotte,NC
28214,Charlotte,NC
28215,Charlotte,NC
28216,Charlotte,NC
28217,Charlotte,NC
28218,Charlotte,NC
28219,Charlotte,NC
28220,Charlotte,NC
28221,Charlotte,NC
28222,Charlotte,NC
28223,Charlotte,NC
28224,Charlotte,NC
28226,Charlotte,NC
28227,Charlotte,NC
28228,Charlotte,NC
28229,Charlotte,NC
28230,Charlotte,NC
28231,Charlotte,NC
28232,Charlotte,NC
28233,Charlotte,NC
28234,Charlotte,NC
28235,Charlotte,NC
28236,Charlotte,NC
28237,Charlotte,NC
28241,Charlotte,NC
28242,Charlotte,NC
28243,Charlotte,NC
28247,Charlotte,NC
28250,Charlotte,NC
28253,Charlotte,NC
28255,Charlotte,NC
28256,Charlotte,NC
28258,Charlotte,NC
28260,Charlotte,NC
28262,Charlotte,NC
28263,Charlotte,NC
28265,Charlotte,NC
28266,Charlotte,NC
28269,Charlotte,NC
28270,Charlotte,NC
28271,Charlotte,NC
28272,Charlotte,NC
28273,Charlotte,NC
28274,Charlotte,NC
28275,Charlotte,NC
28277,Charlotte,NC
28278,Charlotte,NC
28288,Charlotte,NC
28289,Charlotte,NC
28290,Charlotte,NC
28296,Charlotte,NC
28297,Charlotte,NC
28299,Charlotte,NC
28719,Cherokee,NC
28789,Cherokee,NC
28533,"Cherry Point",NC
28021,Cherryville,NC
28720,"Chimney Rock",NC
28023,"China Grove",NC
28521,Chinquapin,NC
27817,Chocowinity,NC
28610,Claremont,NC
28613,Claremont,NC
28432,Clarendon,NC
28433,Clarkton,NC
27520,Clayton,NC
27527,Clayton,NC
27610,Clayton,NC
27012,Clemmons,NC
27103,Clemmons,NC
27013,Cleveland,NC
28024,Cliffside,NC
28076,Cliffside,NC
28114,Cliffside,NC
27233,Climax,NC
28328,Clinton,NC
28329,Clinton,NC
28721,Clyde,NC
27521,Coats,NC
27922,Cofield,NC
27917,Coinjock,NC
27923,Coinjock,NC
27924,Colerain,NC
27235,Colfax,NC
28611,Collettsville,NC
27925,Columbia,NC
28722,Columbus,NC
28756,Columbus,NC
28522,Comfort,NC
27818,Como,NC
28025,Concord,NC
28026,Concord,NC
28027,Concord,NC
28075,Concord,NC
28078,Concord,NC
28083,Concord,NC
28262,Concord,NC
28269,Concord,NC
27819,Conetoe,NC
28612,"Connellys Springs",NC
28601,Conover,NC
28613,Conover,NC
27820,Conway,NC
27014,Cooleemee,NC
27028,Cooleemee,NC
27926,Corapeake,NC
28330,Cordova,NC
28379,Cordova,NC
28031,Cornelius,NC
28078,Cornelius,NC
27927,Corolla,NC
28434,Council,NC
28523,"Cove City",NC
28012,Cramerton,NC
28032,Cramerton,NC
28056,Cramerton,NC
27522,Creedmoor,NC
28615,Creston,NC
27928,Creswell,NC
28616,Crossnore,NC
28033,Crouse,NC
28617,Crumpler,NC
28903,Culberson,NC
28723,Cullowhee,NC
28779,Cullowhee,NC
28331,Cumberland,NC
27237,Cumnock,NC
28435,Currie,NC
27929,Currituck,NC
28034,Dallas,NC
28724,Dana,NC
28731,Dana,NC
28792,Dana,NC
27016,Danbury,NC
28036,Davidson,NC
28115,Davidson,NC
28524,Davis,NC
28589,Davis,NC
28618,"Deep Gap",NC
28525,"Deep Run",NC
28436,Delco,NC
27239,Denton,NC
27292,Denton,NC
28037,Denver,NC
28725,Dillsboro,NC
28779,Dillsboro,NC
27017,Dobson,NC
28621,Dobson,NC
28526,Dover,NC
28619,Drexel,NC
28655,Drexel,NC
28332,Dublin,NC
28333,Dudley,NC
28334,Dunn,NC
28335,Dunn,NC
28339,Dunn,NC
27930,"Durants Neck",NC
27517,Durham,NC
27560,Durham,NC
27701,Durham,NC
27702,Durham,NC
27703,Durham,NC
27704,Durham,NC
27705,Durham,NC
27707,Durham,NC
27708,Durham,NC
27709,Durham,NC
27710,Durham,NC
27711,Durham,NC
27712,Durham,NC
27713,Durham,NC
27715,Durham,NC
27717,Durham,NC
27722,Durham,NC
27242,"Eagle Springs",NC
28038,Earl,NC
28073,Earl,NC
28152,Earl,NC
27018,"East Bend",NC
28726,"East Flat Rock",NC
28731,"East Flat Rock",NC
28792,"East Flat Rock",NC
28039,"East Spencer",NC
28144,"East Spencer",NC
27288,Eden,NC
27289,Eden,NC
27932,Edenton,NC
28727,Edneyville,NC
28792,Edneyville,NC
27821,Edward,NC
27243,Efland,NC
27302,Efland,NC
27906,"Elizabeth City",NC
27907,"Elizabeth City",NC
27909,"Elizabeth City",NC
27921,"Elizabeth City",NC
28337,Elizabethtown,NC
28622,"Elk Park",NC
28621,Elkin,NC
28040,Ellenboro,NC
28338,Ellerbe,NC
27822,"Elm City",NC
27215,Elon,NC
27244,Elon,NC
28594,"Emerald Isle",NC
27823,Enfield,NC
27824,Engelhard,NC
28728,Enka,NC
28623,Ennice,NC
28527,Ernul,NC
28334,Erwin,NC
28339,Erwin,NC
27247,Ether,NC
28729,Etowah,NC
28739,Etowah,NC
28742,Etowah,NC
28759,Etowah,NC
27935,Eure,NC
27825,Everetts,NC
27892,Everetts,NC
28438,Evergreen,NC
28438,"Fair Bluff",NC
28439,"Fair Bluff",NC
27826,Fairfield,NC
28340,Fairmont,NC
28079,Fairview,NC
28107,Fairview,NC
28110,Fairview,NC
28730,Fairview,NC
28341,Faison,NC
28041,Faith,NC
28146,Faith,NC
28334,Falcon,NC
28342,Falcon,NC
28344,Falcon,NC
27827,Falkland,NC
27829,Falkland,NC
27834,Falkland,NC
28042,Fallston,NC
28090,Fallston,NC
27828,Farmville,NC
28301,Fayetteville,NC
28302,Fayetteville,NC
28303,Fayetteville,NC
28304,Fayetteville,NC
28305,Fayetteville,NC
28306,Fayetteville,NC
28307,Fayetteville,NC
28308,Fayetteville,NC
28309,Fayetteville,NC
28310,Fayetteville,NC
28311,Fayetteville,NC
28312,Fayetteville,NC
28314,Fayetteville,NC
28331,Fayetteville,NC
28390,Fayetteville,NC
28624,Ferguson,NC
27030,"Flat Rock",NC
28726,"Flat Rock",NC
28731,"Flat Rock",NC
28739,"Flat Rock",NC
28792,"Flat Rock",NC
28626,Fleetwood,NC
28704,Fletcher,NC
28732,Fletcher,NC
28791,Fletcher,NC
28733,"Fontana Dam",NC
28771,"Fontana Dam",NC
28043,"Forest City",NC
28307,"Fort Bragg",NC
27828,Fountain,NC
27829,Fountain,NC
27524,"Four Oaks",NC
28734,Franklin,NC
28744,Franklin,NC
27525,Franklinton,NC
27248,Franklinville,NC
27316,Franklinville,NC
27830,Fremont,NC
27936,Frisco,NC
27526,"Fuquay Varina",NC
28441,Garland,NC
27529,Garner,NC
27603,Garner,NC
27610,Garner,NC
27831,Garysburg,NC
27832,Gaston,NC
28016,Gastonia,NC
28034,Gastonia,NC
28052,Gastonia,NC
28053,Gastonia,NC
28054,Gastonia,NC
28055,Gastonia,NC
28056,Gastonia,NC
28086,Gastonia,NC
27937,Gates,NC
27938,Gatesville,NC
27019,Germanton,NC
28735,Gerton,NC
28343,Gibson,NC
27215,Gibsonville,NC
27244,Gibsonville,NC
27249,Gibsonville,NC
27377,Gibsonville,NC
28627,"Glade Valley",NC
28628,"Glen Alpine",NC
28655,"Glen Alpine",NC
28629,"Glendale Springs",NC
28736,Glenville,NC
28737,Glenwood,NC
28528,Gloucester,NC
28344,Godwin,NC
28071,"Gold Hill",NC
27530,Goldsboro,NC
27531,Goldsboro,NC
27532,Goldsboro,NC
27533,Goldsboro,NC
27534,Goldsboro,NC
28333,Goldsboro,NC
27252,Goldston,NC
27253,Graham,NC
27258,Graham,NC
27302,Graham,NC
27939,Grandy,NC
28630,"Granite Falls",NC
28072,"Granite Quarry",NC
28146,"Granite Quarry",NC
28529,Grantsboro,NC
28631,"Grassy Creek",NC
28740,"Green Mountain",NC
27214,Greensboro,NC
27235,Greensboro,NC
27282,Greensboro,NC
27301,Greensboro,NC
27358,Greensboro,NC
27401,Greensboro,NC
27402,Greensboro,NC
27403,Greensboro,NC
27404,Greensboro,NC
27405,Greensboro,NC
27406,Greensboro,NC
27407,Greensboro,NC
27408,Greensboro,NC
27409,Greensboro,NC
27410,Greensboro,NC
27411,Greensboro,NC
27412,Greensboro,NC
27413,Greensboro,NC
27415,Greensboro,NC
27416,Greensboro,NC
27417,Greensboro,NC
27419,Greensboro,NC
27420,Greensboro,NC
27425,Greensboro,NC
27427,Greensboro,NC
27429,Greensboro,NC
27435,Greensboro,NC
27438,Greensboro,NC
27455,Greensboro,NC
27480,Greensboro,NC
27497,Greensboro,NC
27498,Greensboro,NC
27499,Greensboro,NC
27833,Greenville,NC
27834,Greenville,NC
27835,Greenville,NC
27836,Greenville,NC
27858,Greenville,NC
28590,Greenville,NC
28513,Grifton,NC
28530,Grifton,NC
27837,Grimesland,NC
28073,Grover,NC
27252,Gulf,NC
27256,Gulf,NC
27330,Gulf,NC
27839,Halifax,NC
28442,Hallsboro,NC
27840,Hamilton,NC
28345,Hamlet,NC
28411,Hampstead,NC
28443,Hampstead,NC
27020,Hamptonville,NC
27941,Harbinger,NC
28531,"Harkers Island",NC
28634,Harmony,NC
28444,Harrells,NC
27942,Harrellsville,NC
28074,Harris,NC
28025,Harrisburg,NC
28027,Harrisburg,NC
28075,Harrisburg,NC
28213,Harrisburg,NC
28215,Harrisburg,NC
27841,Hassell,NC
27943,Hatteras,NC
28532,Havelock,NC
28533,Havelock,NC
27217,"Haw River",NC
27253,"Haw River",NC
27258,"Haw River",NC
27302,"Haw River",NC
28904,Hayesville,NC
28635,Hays,NC
28659,Hays,NC
28738,Hazelwood,NC
27536,Henderson,NC
27537,Henderson,NC
28731,Hendersonville,NC
28739,Hendersonville,NC
28791,Hendersonville,NC
28792,Hendersonville,NC
28793,Hendersonville,NC
27842,Henrico,NC
28076,Henrietta,NC
28114,Henrietta,NC
27944,Hertford,NC
28601,Hickory,NC
28602,Hickory,NC
28603,Hickory,NC
28613,Hickory,NC
28658,Hickory,NC
28636,Hiddenite,NC
27235,"High Point",NC
27260,"High Point",NC
27261,"High Point",NC
27262,"High Point",NC
27263,"High Point",NC
27264,"High Point",NC
27265,"High Point",NC
27282,"High Point",NC
27284,"High Point",NC
27360,"High Point",NC
27407,"High Point",NC
27409,"High Point",NC
27410,"High Point",NC
28034,"High Shoals",NC
28077,"High Shoals",NC
28092,"High Shoals",NC
27259,Highfalls,NC
28741,Highlands,NC
28612,Hildebran,NC
28637,Hildebran,NC
27278,Hillsborough,NC
27946,Hobbsville,NC
27843,Hobgood,NC
28537,Hobucken,NC
28347,Hoffman,NC
27844,Hollister,NC
28445,"Holly Ridge",NC
27502,"Holly Springs",NC
27539,"Holly Springs",NC
27540,"Holly Springs",NC
28538,Hookerton,NC
28304,"Hope Mills",NC
28306,"Hope Mills",NC
28348,"Hope Mills",NC
28371,"Hope Mills",NC
28739,"Horse Shoe",NC
28742,"Horse Shoe",NC
28759,"Horse Shoe",NC
28791,"Horse Shoe",NC
28743,"Hot Springs",NC
28753,"Hot Springs",NC
28539,Hubert,NC
28638,Hudson,NC
28031,Huntersville,NC
28070,Huntersville,NC
28078,Huntersville,NC
27541,"Hurdle Mills",NC
28602,Icard,NC
28612,Icard,NC
28666,Icard,NC
28079,"Indian Trail",NC
28104,"Indian Trail",NC
28105,"Indian Trail",NC
28110,"Indian Trail",NC
28080,"Iron Station",NC
28447,Ivanhoe,NC
27845,Jackson,NC
27281,"Jackson Springs",NC
28540,Jacksonville,NC
28541,Jacksonville,NC
28542,Jacksonville,NC
28543,Jacksonville,NC
28544,Jacksonville,NC
28546,Jacksonville,NC
28547,Jacksonville,NC
27265,Jamestown,NC
27282,Jamestown,NC
27407,Jamestown,NC
27846,Jamesville,NC
27947,Jarvisburg,NC
28640,Jefferson,NC
28641,"Jonas Ridge",NC
28642,Jonesville,NC
27283,Julian,NC
28025,Kannapolis,NC
28027,Kannapolis,NC
28036,Kannapolis,NC
28078,Kannapolis,NC
28081,Kannapolis,NC
28082,Kannapolis,NC
28083,Kannapolis,NC
27847,Kelford,NC
28448,Kelly,NC
28349,Kenansville,NC
27542,Kenly,NC
27235,Kernersville,NC
27284,Kernersville,NC
27285,Kernersville,NC
27948,"Kill Devil Hills",NC
27021,King,NC
27045,King,NC
27050,King,NC
28016,"Kings Mountain",NC
28086,"Kings Mountain",NC
28501,Kinston,NC
28502,Kinston,NC
28503,Kinston,NC
28504,Kinston,NC
27543,Kipling,NC
27544,Kittrell,NC
27949,"Kitty Hawk",NC
27545,Knightdale,NC
27604,Knightdale,NC
27610,Knightdale,NC
27950,"Knotts Island",NC
28428,"Kure Beach",NC
28449,"Kure Beach",NC
28551,"La Grange",NC
28721,"Lake Junaluska",NC
28745,"Lake Junaluska",NC
28785,"Lake Junaluska",NC
28786,"Lake Junaluska",NC
28720,"Lake Lure",NC
28746,"Lake Lure",NC
28747,"Lake Toxaway",NC
28450,"Lake Waccamaw",NC
28350,Lakeview,NC
28023,Landis,NC
28081,Landis,NC
28088,Landis,NC
28643,Lansing,NC
28089,Lattimore,NC
28150,Lattimore,NC
28351,"Laurel Hill",NC
28352,"Laurel Hill",NC
28644,"Laurel Springs",NC
28352,Laurinburg,NC
28353,Laurinburg,NC
28090,Lawndale,NC
27022,Lawsonville,NC
27291,Leasburg,NC
28748,Leicester,NC
28451,Leland,NC
28479,Leland,NC
28355,"Lemon Springs",NC
28633,Lenoir,NC
28638,Lenoir,NC
28645,Lenoir,NC
27849,"Lewiston Woodville",NC
27012,Lewisville,NC
27023,Lewisville,NC
27040,Lewisville,NC
27292,Lexington,NC
27293,Lexington,NC
27294,Lexington,NC
27295,Lexington,NC
27351,Lexington,NC
27298,Liberty,NC
28091,Lilesville,NC
27546,Lillington,NC
28323,Lillington,NC
28092,Lincolnton,NC
28093,Lincolnton,NC
28356,Linden,NC
28646,Linville,NC
28647,"Linville Falls",NC
27299,Linwood,NC
28749,"Little Switzerland",NC
27850,Littleton,NC
28097,Locust,NC
28107,Locust,NC
28124,Locust,NC
28163,Locust,NC
28452,Longwood,NC
27549,Louisburg,NC
28054,Lowell,NC
28056,Lowell,NC
28098,Lowell,NC
27024,Lowgap,NC
28552,Lowland,NC
27851,Lucama,NC
28357,"Lumber Bridge",NC
28358,Lumberton,NC
28359,Lumberton,NC
28360,Lumberton,NC
28750,Lynn,NC
27852,Macclesfield,NC
27551,Macon,NC
27025,Madison,NC
28751,"Maggie Valley",NC
28785,"Maggie Valley",NC
28786,"Maggie Valley",NC
28453,Magnolia,NC
28092,Maiden,NC
28650,Maiden,NC
28658,Maiden,NC
27546,Mamers,NC
27552,Mamers,NC
27953,"Manns Harbor",NC
27553,Manson,NC
27954,Manteo,NC
27956,Maple,NC
28454,"Maple Hill",NC
28905,Marble,NC
27853,Margarettsville,NC
28340,Marietta,NC
28362,Marietta,NC
28752,Marion,NC
28754,"Mars Hill",NC
28753,Marshall,NC
28553,Marshallberg,NC
28103,Marshville,NC
28363,Marston,NC
28104,Matthews,NC
28105,Matthews,NC
28106,Matthews,NC
28554,Maury,NC
28580,Maury,NC
28364,Maxton,NC
27025,Mayodan,NC
27027,Mayodan,NC
27048,Mayodan,NC
28555,Maysville,NC
28101,"Mc Adenville",NC
28102,"Mc Farlan",NC
28649,"Mc Grady",NC
27301,"Mc Leansville",NC
28545,"Mccutcheon Field",NC
27302,Mebane,NC
28556,Merritt,NC
27957,"Merry Hill",NC
28755,Micaville,NC
27555,Micro,NC
27537,Middleburg,NC
27556,Middleburg,NC
27563,Middleburg,NC
27557,Middlesex,NC
27597,Middlesex,NC
28025,Midland,NC
28107,Midland,NC
28544,"Midway Park",NC
28756,"Mill Spring",NC
28651,"Millers Creek",NC
27305,Milton,NC
27820,Milwaukee,NC
28108,"Mineral Springs",NC
28112,"Mineral Springs",NC
28173,"Mineral Springs",NC
28652,Minneapolis,NC
28071,Misenheimer,NC
28109,Misenheimer,NC
28137,Misenheimer,NC
27028,Mocksville,NC
27559,Moncure,NC
28079,Monroe,NC
28110,Monroe,NC
28111,Monroe,NC
28112,Monroe,NC
28653,Montezuma,NC
28711,Montreat,NC
28757,Montreat,NC
28114,Mooresboro,NC
28152,Mooresboro,NC
28115,Mooresville,NC
28117,Mooresville,NC
28654,"Moravian Falls",NC
28697,"Moravian Falls",NC
28516,"Morehead City",NC
28557,"Morehead City",NC
28570,"Morehead City",NC
28628,Morganton,NC
28655,Morganton,NC
28680,Morganton,NC
27513,Morrisville,NC
27560,Morrisville,NC
28119,Morven,NC
27030,"Mount Airy",NC
27306,"Mount Gilead",NC
28012,"Mount Holly",NC
28120,"Mount Holly",NC
28123,"Mount Mourne",NC
28365,"Mount Olive",NC
28025,"Mount Pleasant",NC
28124,"Mount Pleasant",NC
28125,"Mount Ulla",NC
28758,"Mountain Home",NC
28791,"Mountain Home",NC
28792,"Mountain Home",NC
27958,Moyock,NC
27818,Murfreesboro,NC
27855,Murfreesboro,NC
28906,Murphy,NC
27959,"Nags Head",NC
28455,Nakina,NC
28760,Naples,NC
27856,Nashville,NC
28761,Nebo,NC
28560,"New Bern",NC
28561,"New Bern",NC
28562,"New Bern",NC
28563,"New Bern",NC
28564,"New Bern",NC
27562,"New Hill",NC
28127,"New London",NC
28126,Newell,NC
28657,Newland,NC
28570,Newport,NC
28613,Newton,NC
28658,Newton,NC
28366,"Newton Grove",NC
27563,Norlina,NC
28338,Norman,NC
28367,Norman,NC
28656,"North Wilkesboro",NC
28659,"North Wilkesboro",NC
28128,Norwood,NC
27857,"Oak City",NC
28422,"Oak Island",NC
28461,"Oak Island",NC
28465,"Oak Island",NC
27284,"Oak Ridge",NC
27310,"Oak Ridge",NC
27358,"Oak Ridge",NC
27409,"Oak Ridge",NC
28129,Oakboro,NC
28163,Oakboro,NC
28469,"Ocean Isle Beach",NC
28470,"Ocean Isle Beach",NC
27960,Ocracoke,NC
28762,"Old Fort",NC
28660,Olin,NC
28368,Olivia,NC
28571,Oriental,NC
28369,Orrum,NC
28763,Otto,NC
27565,Oxford,NC
27860,Pantego,NC
28371,Parkton,NC
27861,Parmele,NC
27871,Parmele,NC
28661,Patterson,NC
28130,"Paw Creek",NC
28133,Peachland,NC
27311,Pelham,NC
28372,Pembroke,NC
27862,Pendleton,NC
28765,Penland,NC
28766,Penrose,NC
27040,Pfafftown,NC
27863,Pikeville,NC
27041,"Pilot Mountain",NC
27042,"Pine Hall",NC
27568,"Pine Level",NC
27576,"Pine Level",NC
27577,"Pine Level",NC
28315,Pinebluff,NC
28373,Pinebluff,NC
27376,Pinehurst,NC
28315,Pinehurst,NC
28370,Pinehurst,NC
28374,Pinehurst,NC
28387,Pinehurst,NC
28662,Pineola,NC
27864,Pinetops,NC
27865,Pinetown,NC
28134,Pineville,NC
28210,Pineville,NC
28226,Pineville,NC
28663,"Piney Creek",NC
28572,"Pink Hill",NC
27043,Pinnacle,NC
28768,"Pisgah Forest",NC
27312,Pittsboro,NC
27313,"Pleasant Garden",NC
27406,"Pleasant Garden",NC
28621,"Pleasant Hill",NC
28664,Plumtree,NC
27962,Plymouth,NC
27964,"Point Harbor",NC
28135,Polkton,NC
28090,Polkville,NC
28136,Polkville,NC
28150,Polkville,NC
28573,Pollocksville,NC
28308,"Pope A F B",NC
27965,"Poplar Branch",NC
27867,Potecasi,NC
27966,"Powells Point",NC
27924,Powellsville,NC
27967,Powellsville,NC
27569,Princeton,NC
28369,Proctorville,NC
28375,Proctorville,NC
27314,"Prospect Hill",NC
27315,Providence,NC
28665,Purlear,NC
28376,Raeford,NC
27511,Raleigh,NC
27518,Raleigh,NC
27529,Raleigh,NC
27545,Raleigh,NC
27560,Raleigh,NC
27587,Raleigh,NC
27591,Raleigh,NC
27601,Raleigh,NC
27602,Raleigh,NC
27603,Raleigh,NC
27604,Raleigh,NC
27605,Raleigh,NC
27606,Raleigh,NC
27607,Raleigh,NC
27608,Raleigh,NC
27609,Raleigh,NC
27610,Raleigh,NC
27611,Raleigh,NC
27612,Raleigh,NC
27613,Raleigh,NC
27614,Raleigh,NC
27615,Raleigh,NC
27616,Raleigh,NC
27617,Raleigh,NC
27619,Raleigh,NC
27620,Raleigh,NC
27621,Raleigh,NC
27622,Raleigh,NC
27623,Raleigh,NC
27624,Raleigh,NC
27625,Raleigh,NC
27626,Raleigh,NC
27627,Raleigh,NC
27628,Raleigh,NC
27629,Raleigh,NC
27634,Raleigh,NC
27635,Raleigh,NC
27636,Raleigh,NC
27640,Raleigh,NC
27650,Raleigh,NC
27656,Raleigh,NC
27658,Raleigh,NC
27661,Raleigh,NC
27668,Raleigh,NC
27675,Raleigh,NC
27676,Raleigh,NC
27690,Raleigh,NC
27695,Raleigh,NC
27697,Raleigh,NC
27698,Raleigh,NC
27699,Raleigh,NC
27703,Raleigh,NC
27248,Ramseur,NC
27298,Ramseur,NC
27316,Ramseur,NC
27317,Randleman,NC
27350,Randleman,NC
27804,"Red Oak",NC
27809,"Red Oak",NC
27856,"Red Oak",NC
27868,"Red Oak",NC
28377,"Red Springs",NC
27320,Reidsville,NC
27321,Reidsville,NC
27322,Reidsville,NC
27323,Reidsville,NC
28378,Rex,NC
28384,Rex,NC
28601,Rhodhiss,NC
28630,Rhodhiss,NC
28667,Rhodhiss,NC
27869,"Rich Square",NC
28137,Richfield,NC
28574,Richlands,NC
28770,Ridgecrest,NC
27570,Ridgeway,NC
28456,Riegelwood,NC
27870,"Roanoke Rapids",NC
28668,"Roaring Gap",NC
28669,"Roaring River",NC
27242,Robbins,NC
27325,Robbins,NC
28771,Robbinsville,NC
27871,Robersonville,NC
28379,Rockingham,NC
28380,Rockingham,NC
28138,Rockwell,NC
27801,"Rocky Mount",NC
27802,"Rocky Mount",NC
27803,"Rocky Mount",NC
27804,"Rocky Mount",NC
27809,"Rocky Mount",NC
27815,"Rocky Mount",NC
28425,"Rocky Point",NC
28457,"Rocky Point",NC
27968,Rodanthe,NC
27969,Roduco,NC
27571,Rolesville,NC
27587,Rolesville,NC
28670,Ronda,NC
27970,Roper,NC
28458,"Rose Hill",NC
28382,Roseboro,NC
28712,Rosman,NC
28772,Rosman,NC
27572,Rougemont,NC
27583,Rougemont,NC
28383,Rowland,NC
27573,Roxboro,NC
27574,Roxboro,NC
27872,Roxobel,NC
27326,Ruffin,NC
27045,"Rural Hall",NC
27094,"Rural Hall",NC
27098,"Rural Hall",NC
27099,"Rural Hall",NC
28612,"Rutherford College",NC
28671,"Rutherford College",NC
28690,"Rutherford College",NC
28139,Rutherfordton,NC
28384,"Saint Pauls",NC
28385,Salemburg,NC
28144,Salisbury,NC
28145,Salisbury,NC
28146,Salisbury,NC
28147,Salisbury,NC
28575,"Salter Path",NC
28773,Saluda,NC
27972,Salvo,NC
27046,"Sandy Ridge",NC
27330,Sanford,NC
27331,Sanford,NC
27332,Sanford,NC
28774,Sapphire,NC
27873,Saratoga,NC
27253,Saxapahaw,NC
27340,Saxapahaw,NC
28775,"Scaly Mountain",NC
27874,"Scotland Neck",NC
28699,Scotts,NC
28672,Scottville,NC
27875,Scranton,NC
27876,Seaboard,NC
27205,Seagrove,NC
27341,Seagrove,NC
28577,Sealevel,NC
27249,Sedalia,NC
27377,Sedalia,NC
27576,Selma,NC
27577,Selma,NC
27343,Semora,NC
28578,"Seven Springs",NC
27862,Severn,NC
27877,Severn,NC
28459,Shallotte,NC
28462,Shallotte,NC
28470,Shallotte,NC
28386,Shannon,NC
27803,Sharpsburg,NC
27878,Sharpsburg,NC
27973,Shawboro,NC
28150,Shelby,NC
28151,Shelby,NC
28152,Shelby,NC
28673,"Sherrills Ford",NC
27974,Shiloh,NC
27344,"Siler City",NC
27047,Siloam,NC
27858,Simpson,NC
27879,Simpson,NC
27880,Sims,NC
28776,Skyland,NC
27577,Smithfield,NC
28579,Smyrna,NC
28460,"Sneads Ferry",NC
27349,"Snow Camp",NC
28580,"Snow Hill",NC
27350,Sophia,NC
27976,"South Mills",NC
28315,"Southern Pines",NC
28327,"Southern Pines",NC
28374,"Southern Pines",NC
28387,"Southern Pines",NC
28388,"Southern Pines",NC
27292,Southmont,NC
28461,Southport,NC
28479,Southport,NC
28675,Sparta,NC
27881,Speed,NC
27886,Speed,NC
28144,Spencer,NC
28146,Spencer,NC
28159,Spencer,NC
28043,Spindale,NC
28139,Spindale,NC
28160,Spindale,NC
27882,"Spring Hope",NC
28307,"Spring Lake",NC
28308,"Spring Lake",NC
28390,"Spring Lake",NC
28777,"Spruce Pine",NC
28581,Stacy,NC
27355,Staley,NC
28097,Stanfield,NC
28163,Stanfield,NC
28120,Stanley,NC
28164,Stanley,NC
27883,Stantonsburg,NC
27356,Star,NC
28676,"State Road",NC
28166,Statesville,NC
28625,Statesville,NC
28677,Statesville,NC
28687,Statesville,NC
28391,Stedman,NC
28582,Stella,NC
27522,Stem,NC
27581,Stem,NC
27884,Stokes,NC
27284,Stokesdale,NC
27310,Stokesdale,NC
27357,Stokesdale,NC
27048,Stoneville,NC
28583,Stonewall,NC
28678,"Stony Point",NC
27565,Stovall,NC
27582,Stovall,NC
27978,"Stumpy Point",NC
28679,"Sugar Grove",NC
27358,Summerfield,NC
27410,Summerfield,NC
27455,Summerfield,NC
27979,Sunbury,NC
28467,"Sunset Beach",NC
28468,"Sunset Beach",NC
28469,"Sunset Beach",NC
28462,Supply,NC
28711,Swannanoa,NC
28778,Swannanoa,NC
27885,Swanquarter,NC
28539,Swansboro,NC
28584,Swansboro,NC
27253,Swepsonville,NC
27258,Swepsonville,NC
27359,Swepsonville,NC
28779,Sylva,NC
28463,"Tabor City",NC
28392,"Tar Heel",NC
28543,"Tarawa Terrace",NC
27886,Tarboro,NC
28681,Taylorsville,NC
28464,Teachey,NC
28466,Teachey,NC
28682,Terrell,NC
27360,Thomasville,NC
27361,Thomasville,NC
28683,Thurmond,NC
27887,Tillery,NC
27583,Timberlake,NC
27030,Toast,NC
27049,Toast,NC
27021,Tobaccoville,NC
27040,Tobaccoville,NC
27045,Tobaccoville,NC
27050,Tobaccoville,NC
28684,Todd,NC
28781,Topton,NC
27584,Townsville,NC
28685,Traphill,NC
28585,Trenton,NC
27263,Trinity,NC
27360,Trinity,NC
27370,Trinity,NC
28010,Troutman,NC
28166,Troutman,NC
28677,Troutman,NC
27371,Troy,NC
28782,Tryon,NC
28783,Tuckasegee,NC
28393,Turkey,NC
28688,Turnersburg,NC
28784,Tuxedo,NC
27980,Tyner,NC
28689,"Union Grove",NC
28167,"Union Mills",NC
28612,Valdese,NC
28655,Valdese,NC
28671,Valdese,NC
28690,Valdese,NC
28168,Vale,NC
28604,"Valle Crucis",NC
28679,"Valle Crucis",NC
28691,"Valle Crucis",NC
28586,Vanceboro,NC
28587,Vandemere,NC
28326,Vass,NC
28394,Vass,NC
27586,Vaughan,NC
28692,Vilas,NC
28021,Waco,NC
28150,Waco,NC
28169,Waco,NC
28395,Wade,NC
28135,Wadesboro,NC
28170,Wadesboro,NC
28396,Wagram,NC
27587,"Wake Forest",NC
27588,"Wake Forest",NC
27596,"Wake Forest",NC
27614,"Wake Forest",NC
27051,Walkertown,NC
27101,Walkertown,NC
27105,Walkertown,NC
27284,Walkertown,NC
28464,Wallace,NC
28466,Wallace,NC
27107,Wallburg,NC
27265,Wallburg,NC
27373,Wallburg,NC
27052,"Walnut Cove",NC
27888,Walstonburg,NC
27981,Wanchese,NC
28909,Warne,NC
28693,Warrensville,NC
27589,Warrenton,NC
28349,Warsaw,NC
28398,Warsaw,NC
27817,Washington,NC
27889,Washington,NC
27968,Waves,NC
27972,Waves,NC
27982,Waves,NC
28112,Waxhaw,NC
28173,Waxhaw,NC
28738,Waynesville,NC
28786,Waynesville,NC
28787,Weaverville,NC
28804,Weaverville,NC
28779,Webster,NC
28788,Webster,NC
27295,Welcome,NC
27374,Welcome,NC
27839,Weldon,NC
27890,Weldon,NC
27591,Wendell,NC
27320,Wentworth,NC
27375,Wentworth,NC
27376,"West End",NC
28694,"West Jefferson",NC
27053,Westfield,NC
27891,Whitakers,NC
28399,"White Oak",NC
27030,"White Plains",NC
27031,"White Plains",NC
28472,Whiteville,NC
27249,Whitsett,NC
27377,Whitsett,NC
28789,Whittier,NC
28659,Wilkesboro,NC
28674,Wilkesboro,NC
28697,Wilkesboro,NC
28478,Willard,NC
27892,Williamston,NC
28579,Williston,NC
27592,"Willow Spring",NC
28401,Wilmington,NC
28402,Wilmington,NC
28403,Wilmington,NC
28404,Wilmington,NC
28405,Wilmington,NC
28406,Wilmington,NC
28407,Wilmington,NC
28408,Wilmington,NC
28409,Wilmington,NC
28410,Wilmington,NC
28411,Wilmington,NC
28412,Wilmington,NC
27822,Wilson,NC
27893,Wilson,NC
27894,Wilson,NC
27895,Wilson,NC
27896,Wilson,NC
27593,"Wilsons Mills",NC
27983,Windsor,NC
27944,Winfall,NC
27985,Winfall,NC
28174,Wingate,NC
28479,Winnabow,NC
27101,"Winston Salem",NC
28513,Winterville,NC
28590,Winterville,NC
27986,Winton,NC
27594,Wise,NC
27869,Woodland,NC
27897,Woodland,NC
27054,Woodleaf,NC
28403,"Wrightsville Beach",NC
28480,"Wrightsville Beach",NC
27055,Yadkinville,NC
27212,Yanceyville,NC
27305,Yanceyville,NC
27379,Yanceyville,NC
27596,Youngsville,NC
27597,Zebulon,NC
28698,Zionville,NC
28790,Zirconia,NC
28128,Aquadale,NC
27263,Archdale,NC
27370,Archdale,NC
27527,"Archer Lodge",NC
27591,"Archer Lodge",NC
28315,"Ashley Heights",NC
27983,Askewville,NC
28704,"Avery Creek",NC
28461,"Bald Head Island",NC
28791,Balfour,NC
28792,Balfour,NC
28792,"Barker Heights",NC
28358,"Barker Ten Mile",NC
28411,Bayshore,NC
27808,Bayview,NC
27892,"Bear Grass",NC
28604,"Beech Mountain",NC
28622,"Beech Mountain",NC
27828,"Bell Arthur",NC
27834,"Bell Arthur",NC
28451,Belville,NC
27834,Belvoir,NC
28090,Belwood,NC
28806,"Bent Creek",NC
27006,"Bermuda Run",NC
28601,Bethlehem,NC
28681,Bethlehem,NC
28803,"Biltmore Forest",NC
28405,"Blue Clay Farms",NC
28438,Boardman,NC
28570,Bogue,NC
28584,Bogue,NC
28422,"Boiling Spring Lakes",NC
28461,"Boiling Spring Lakes",NC
28479,"Boiling Spring Lakes",NC
28328,Bonnetsville,NC
28376,Bowmore,NC
28562,"Brices Creek",NC
28573,"Brices Creek",NC
28570,"Broad Creek",NC
28333,Brogden,NC
28602,Brookford,NC
28320,Butters,NC
28638,"Cajah's Mountain",NC
28645,"Cajah's Mountain",NC
28584,"Cape Carteret",NC
28467,"Carolina Shores",NC
28465,"Caswell Beach",NC
28584,"Cedar Point",NC
28645,"Cedar Rock",NC
27549,Centerville,NC
28711,"Chimney Rock Village",NC
28720,"Chimney Rock Village",NC
28756,"Chimney Rock Village",NC
28612,"Connelly Springs",NC
28679,"Cove Creek",NC
28692,"Cove Creek",NC
28698,"Cove Creek",NC
28659,Cricket,NC
28697,Cricket,NC
28396,Deercroft,NC
28021,Dellview,NC
28453,Delway,NC
28458,Delway,NC
28345,"Dobbins Heights",NC
27804,Dortches,NC
27809,Dortches,NC
27949,Duck,NC
28357,Dundarrach,NC
28386,Dundarrach,NC
28456,"East Arcadia",NC
28352,"East Laurinburg",NC
28312,Eastover,NC
28395,Eastover,NC
28379,"East Rockingham",NC
28383,Elrod,NC
27531,Elroy,NC
27534,Elroy,NC
28023,Enochville,NC
28081,Enochville,NC
27830,Eureka,NC
28560,"Fairfield Harbour",NC
28659,Fairplains,NC
27312,"Fearrington Village",NC
28376,"Five Points",NC
28723,"Forest Hills",NC
27406,"Forest Oaks",NC
28604,Foscoe,NC
28607,Foscoe,NC
27281,Foxfire,NC
27376,Foxfire,NC
28315,Foxfire,NC
28792,Fruitland,NC
27526,Fuquay-varina,NC
27539,Fuquay-varina,NC
27540,Fuquay-varina,NC
27592,Fuquay-varina,NC
27603,Fuquay-varina,NC
28645,Gamewell,NC
27217,"Glen Raven",NC
27244,"Glen Raven",NC
27704,Gorman,NC
28646,Grandfather,NC
28458,Greenevers,NC
27217,"Green Level",NC
28540,"Half Moon",NC
28546,"Half Moon",NC
28079,"Hemby Bridge",NC
28401,Hightsville,NC
28462,"Holden Beach",NC
28732,"Hoopers Creek",NC
28512,"Indian Beach",NC
28575,"Indian Beach",NC
28328,Ingold,NC
28441,Ingold,NC
28173,Jaars,NC
28504,"Jackson Heights",NC
28560,"James City",NC
28562,"James City",NC
28328,Keener,NC
28405,"Kings Grant",NC
28411,"Kings Grant",NC
28150,Kingstown,NC
28037,"Lake Norman Of Catawba",NC
28609,"Lake Norman Of Catawba",NC
28673,"Lake Norman Of Catawba",NC
28682,"Lake Norman Of Catawba",NC
28079,"Lake Park",NC
27549,"Lake Royale",NC
27882,"Lake Royale",NC
28771,"Lake Santeetlah",NC
27845,Lasker,NC
28739,"Laurel Park",NC
28791,"Laurel Park",NC
27886,Leggett,NC
28150,"Light Oak",NC
28152,"Light Oak",NC
28601,"Long View",NC
28602,"Long View",NC
28625,"Love Valley",NC
28037,Lowesville,NC
28164,Lowesville,NC
27530,Mar-mac,NC
28333,Mar-mac,NC
28173,Marvin,NC
28012,Mcadenville,NC
28098,Mcadenville,NC
28101,Mcadenville,NC
28340,Mcdonald,NC
28102,Mcfarlan,NC
28119,Mcfarlan,NC
27301,Mcleansville,NC
27405,Mcleansville,NC
28515,Mesic,NC
28587,Mesic,NC
27107,Midway,NC
27127,Midway,NC
27295,Midway,NC
28001,Millingport,NC
28127,Millingport,NC
28704,"Mills River",NC
28732,"Mills River",NC
28759,"Mills River",NC
28510,"Minnesott Beach",NC
28105,"Mint Hill",NC
28227,"Mint Hill",NC
27856,Momeyer,NC
28602,"Mountain View",NC
28659,Mulberry,NC
28405,Murraysville,NC
28411,Murraysville,NC
28409,"Myrtle Grove",NC
28412,"Myrtle Grove",NC
28451,Navassa,NC
28560,"Neuse Forest",NC
28405,Northchase,NC
28601,Northlakes,NC
28630,Northlakes,NC
28445,"North Topsail Beach",NC
28460,"North Topsail Beach",NC
28451,Northwest,NC
28456,Northwest,NC
28405,Ogden,NC
28411,Ogden,NC
28351,"Old Hundred",NC
27244,Ossipee,NC
28073,"Patterson Springs",NC
28152,"Patterson Springs",NC
28584,Peletier,NC
28512,"Pine Knoll Shores",NC
28544,"Piney Green",NC
28546,"Piney Green",NC
28334,"Plain View",NC
28411,"Porters Neck",NC
28518,"Potters Hill",NC
28572,"Potters Hill",NC
27886,Princeville,NC
28364,Prospect,NC
28372,Prospect,NC
28546,"Pumpkin Center",NC
28364,Raemon,NC
28054,Ranlo,NC
28056,Ranlo,NC
28383,Raynham,NC
28097,"Red Cross",NC
28129,"Red Cross",NC
28386,Rennert,NC
28562,"River Bend",NC
28573,"River Bend",NC
27889,"River Road",NC
28306,Rockfish,NC
28376,Rockfish,NC
28704,"Royal Pines",NC
28803,"Royal Pines",NC
28139,Ruth,NC
28655,Salem,NC
28451,"Sandy Creek",NC
28456,Sandyfield,NC
28630,Sawmills,NC
28638,Sawmills,NC
28352,"Scotch Meadows",NC
28409,"Sea Breeze",NC
28412,"Sea Breeze",NC
28604,"Seven Devils",NC
27376,"Seven Lakes",NC
28376,"Silver City",NC
28412,"Silver Lake",NC
28429,"Skippers Corner",NC
27949,"Southern Shores",NC
27536,"South Henderson",NC
27537,"South Henderson",NC
27870,"South Rosemary",NC
27890,"South Weldon",NC
28054,"Spencer Mountain",NC
28056,"Spencer Mountain",NC
28334,"Spivey's Corner",NC
28366,"Spivey's Corner",NC
28079,Stallings,NC
28104,Stallings,NC
28105,Stallings,NC
28425,"St. Helena",NC
28422,"St. James",NC
28461,"St. James",NC
28384,"St. Pauls",NC
28601,"St. Stephens",NC
28613,"St. Stephens",NC
28604,"Sugar Mountain",NC
28443,"Surf City",NC
28445,"Surf City",NC
27885,"Swan Quarter",NC
27376,Taylortown,NC
28374,Taylortown,NC
28445,"Topsail Beach",NC
28562,"Trent Woods",NC
27295,Tyro,NC
27299,Tyro,NC
28079,Unionville,NC
28110,Unionville,NC
28739,"Valley Hill",NC
28312,Vander,NC
28328,"Vann Crossroads",NC
28366,"Vann Crossroads",NC
28462,Varnamtown,NC
28364,Wakulla,NC
28377,Wakulla,NC
27534,"Walnut Creek",NC
28551,"Walnut Creek",NC
27889,"Washington Park",NC
28478,Watha,NC
28104,Weddington,NC
28173,Weddington,NC
28079,"Wesley Chapel",NC
28104,"Wesley Chapel",NC
28110,"Wesley Chapel",NC
28173,"Wesley Chapel",NC
28716,"West Canton",NC
28721,"West Canton",NC
28752,"West Marion",NC
28037,Westport,NC
28327,"Whispering Pines",NC
28337,"White Lake",NC
27520,"Wilson's Mills",NC
27527,"Wilson's Mills",NC
27577,"Wilson's Mills",NC
27593,"Wilson's Mills",NC
27010,Winston-salem,NC
27012,Winston-salem,NC
27023,Winston-salem,NC
27040,Winston-salem,NC
27045,Winston-salem,NC
27101,Winston-salem,NC
27102,Winston-salem,NC
27103,Winston-salem,NC
27104,Winston-salem,NC
27105,Winston-salem,NC
27106,Winston-salem,NC
27107,Winston-salem,NC
27108,Winston-salem,NC
27109,Winston-salem,NC
27110,Winston-salem,NC
27111,Winston-salem,NC
27113,Winston-salem,NC
27114,Winston-salem,NC
27115,Winston-salem,NC
27116,Winston-salem,NC
27117,Winston-salem,NC
27120,Winston-salem,NC
27127,Winston-salem,NC
27130,Winston-salem,NC
27150,Winston-salem,NC
27151,Winston-salem,NC
27152,Winston-salem,NC
27155,Winston-salem,NC
27156,Winston-salem,NC
27157,Winston-salem,NC
27198,Winston-salem,NC
27199,Winston-salem,NC
27284,Winston-salem,NC
28701,Woodfin,NC
28787,Woodfin,NC
28804,Woodfin,NC
28806,Woodfin,NC
27302,Woodlawn,NC
28401,Wrightsboro,NC
28405,Wrightsboro,NC
28429,Wrightsboro,NC
