zipcode,city,state
37010,Adams,TN
37032,Adams,TN
38310,Adamsville,TN
37616,Afton,TN
38001,Alamo,TN
37701,Alcoa,TN
37777,Alcoa,TN
37801,Alcoa,TN
37804,Alcoa,TN
37853,Alcoa,TN
37920,Alcoa,TN
37012,Alexandria,TN
38504,Allardt,TN
38556,Allardt,TN
38541,Allons,TN
38542,Allred,TN
38543,Alpine,TN
37301,Altamont,TN
37305,Altamont,TN
37705,Andersonville,TN
37011,Antioch,TN
37302,Apison,TN
37311,Apison,TN
37353,Apison,TN
38449,Ardmore,TN
38477,Ardmore,TN
38002,Arlington,TN
38028,Arlington,TN
37389,"Arnold Afb",TN
37014,Arrington,TN
37707,Arthur,TN
37015,"Ashland City",TN
37303,Athens,TN
37371,Athens,TN
37826,Athens,TN
38004,Atoka,TN
38011,Atoka,TN
38053,Atoka,TN
38220,Atwood,TN
37016,Auburntown,TN
37304,Bakewell,TN
38311,"Bath Springs",TN
38501,Baxter,TN
38506,Baxter,TN
38544,Baxter,TN
37708,"Bean Station",TN
37811,"Bean Station",TN
38313,"Beech Bluff",TN
37018,Beechgrove,TN
37301,"Beersheba Springs",TN
37305,"Beersheba Springs",TN
37019,Belfast,TN
37020,"Bell Buckle",TN
38006,Bells,TN
37306,Belvidere,TN
37307,Benton,TN
38315,"Bethel Springs",TN
37022,Bethpage,TN
37023,"Big Rock",TN
38221,"Big Sandy",TN
37308,Birchwood,TN
37709,Blaine,TN
38545,"Bloomington Springs",TN
37617,Blountville,TN
37618,"Bluff City",TN
37686,"Bluff City",TN
38007,Bogota,TN
38008,Bolivar,TN
37025,"Bon Aqua",TN
38010,Braden,TN
38049,Braden,TN
38316,Bradford,TN
37026,Bradyville,TN
37024,Brentwood,TN
37027,Brentwood,TN
37067,Brentwood,TN
37710,Briceville,TN
38011,Brighton,TN
24205,Bristol,TN
37617,Bristol,TN
37618,Bristol,TN
37620,Bristol,TN
37621,Bristol,TN
37625,Bristol,TN
38012,Brownsville,TN
38317,Bruceton,TN
38342,Bruceton,TN
38014,Brunswick,TN
38547,"Brush Creek",TN
38222,Buchanan,TN
38318,"Buena Vista",TN
38548,"Buffalo Valley",TN
37711,"Bulls Gap",TN
37028,"Bumpus Mills",TN
38015,Burlison,TN
37029,Burns,TN
37055,Burns,TN
37640,Butler,TN
37713,Bybee,TN
38549,Byrdstown,TN
37309,Calhoun,TN
38320,Camden,TN
38550,Campaign,TN
37030,Carthage,TN
37714,Caryville,TN
37757,Caryville,TN
37766,Caryville,TN
37847,Caryville,TN
37031,"Castalian Springs",TN
38321,"Cedar Grove",TN
37032,"Cedar Hill",TN
38551,Celina,TN
37033,Centerville,TN
37137,Centerville,TN
37034,"Chapel Hill",TN
37035,Chapmansboro,TN
37310,Charleston,TN
37036,Charlotte,TN
37341,Chattanooga,TN
37343,Chattanooga,TN
37350,Chattanooga,TN
37351,Chattanooga,TN
37363,Chattanooga,TN
37377,Chattanooga,TN
37401,Chattanooga,TN
37402,Chattanooga,TN
37403,Chattanooga,TN
37404,Chattanooga,TN
37405,Chattanooga,TN
37406,Chattanooga,TN
37407,Chattanooga,TN
37408,Chattanooga,TN
37409,Chattanooga,TN
37410,Chattanooga,TN
37411,Chattanooga,TN
37412,Chattanooga,TN
37414,Chattanooga,TN
37415,Chattanooga,TN
37416,Chattanooga,TN
37419,Chattanooga,TN
37421,Chattanooga,TN
37422,Chattanooga,TN
37424,Chattanooga,TN
38552,"Chestnut Mound",TN
38393,Chewalla,TN
37020,Christiana,TN
37037,Christiana,TN
37127,Christiana,TN
37128,Christiana,TN
37641,Chuckey,TN
37642,"Church Hill",TN
37715,Clairfield,TN
38553,Clarkrange,TN
38324,Clarksburg,TN
38344,Clarksburg,TN
38390,Clarksburg,TN
37040,Clarksville,TN
37041,Clarksville,TN
37042,Clarksville,TN
37043,Clarksville,TN
37044,Clarksville,TN
42223,Clarksville,TN
37311,Cleveland,TN
37312,Cleveland,TN
37320,Cleveland,TN
37323,Cleveland,TN
37353,Cleveland,TN
37364,Cleveland,TN
38425,Clifton,TN
37705,Clinton,TN
37716,Clinton,TN
37717,Clinton,TN
37719,Coalfield,TN
37748,Coalfield,TN
37840,Coalfield,TN
37313,Coalmont,TN
37387,Coalmont,TN
37314,Cokercreek,TN
37046,"College Grove",TN
37302,Collegedale,TN
37315,Collegedale,TN
37353,Collegedale,TN
37363,Collegedale,TN
38017,Collierville,TN
38027,Collierville,TN
38125,Collierville,TN
38139,Collierville,TN
38450,Collinwood,TN
37174,Columbia,TN
38401,Columbia,TN
38402,Columbia,TN
38223,Como,TN
37316,Conasauga,TN
38501,Cookeville,TN
38502,Cookeville,TN
38503,Cookeville,TN
38505,Cookeville,TN
38506,Cookeville,TN
37317,Copperhill,TN
38016,Cordova,TN
37047,Cornersville,TN
37091,Cornersville,TN
37721,Corryton,TN
37722,Cosby,TN
38224,"Cottage Grove",TN
37048,Cottontown,TN
37066,Cottontown,TN
38326,Counce,TN
38011,Covington,TN
38019,Covington,TN
37318,Cowan,TN
37723,"Crab Orchard",TN
38555,"Crab Orchard",TN
38554,Crawford,TN
38021,"Crockett Mills",TN
37048,"Cross Plains",TN
37049,"Cross Plains",TN
37188,"Cross Plains",TN
38555,Crossville,TN
38557,Crossville,TN
38571,Crossville,TN
38572,Crossville,TN
38310,Crump,TN
38327,Crump,TN
38451,Culleoka,TN
37050,"Cumberland City",TN
37051,"Cumberland Furnace",TN
37724,"Cumberland Gap",TN
37052,Cunningham,TN
38452,"Cypress Inn",TN
37725,Dandridge,TN
37760,Dandridge,TN
38328,Darden,TN
38351,Darden,TN
37321,Dayton,TN
37322,Decatur,TN
38329,Decaturville,TN
37324,Decherd,TN
37398,Decherd,TN
37726,"Deer Lodge",TN
37727,"Del Rio",TN
37325,Delano,TN
38449,Dellrose,TN
38391,Denmark,TN
37029,Dickson,TN
37055,Dickson,TN
37056,Dickson,TN
37057,"Dixon Springs",TN
37058,Dover,TN
37059,Dowelltown,TN
37095,Dowelltown,TN
38559,Doyle,TN
38583,Doyle,TN
38225,Dresden,TN
38023,Drummonds,TN
38454,"Duck River",TN
37317,Ducktown,TN
37326,Ducktown,TN
37729,Duff,TN
38226,Dukedom,TN
37327,Dunlap,TN
38330,Dyer,TN
38024,Dyersburg,TN
38025,Dyersburg,TN
38028,Eads,TN
37730,Eagan,TN
37060,Eagleville,TN
38331,Eaton,TN
37731,Eidson,TN
37732,Elgin,TN
37852,Elgin,TN
37872,Elgin,TN
37601,Elizabethton,TN
37643,Elizabethton,TN
37644,Elizabethton,TN
37682,Elizabethton,TN
38449,Elkton,TN
38455,Elkton,TN
38477,Elkton,TN
38029,Ellendale,TN
38560,Elmwood,TN
37328,Elora,TN
37329,Englewood,TN
38332,Enville,TN
37061,Erin,TN
37650,Erwin,TN
37330,"Estill Springs",TN
37398,"Estill Springs",TN
38456,Ethridge,TN
37331,Etowah,TN
38333,Eva,TN
37332,Evensville,TN
37062,Fairview,TN
37656,"Fall Branch",TN
37333,Farner,TN
37334,Fayetteville,TN
38334,Finger,TN
38030,Finley,TN
38457,"Five Points",TN
37657,"Flag Pond",TN
37335,Flintville,TN
37063,Fosterville,TN
38459,Frankewing,TN
37027,Franklin,TN
37064,Franklin,TN
37065,Franklin,TN
37067,Franklin,TN
37068,Franklin,TN
37069,Franklin,TN
38034,Friendship,TN
37737,Friendsville,TN
37742,Friendsville,TN
38336,Fruitvale,TN
38337,Gadsden,TN
38562,Gainesboro,TN
37066,Gallatin,TN
37075,Gallatin,TN
38002,Gallaway,TN
38036,Gallaway,TN
38049,Gallaway,TN
38037,Gates,TN
37738,Gatlinburg,TN
37336,Georgetown,TN
38125,Germantown,TN
38138,Germantown,TN
38139,Germantown,TN
38183,Germantown,TN
38338,Gibson,TN
38343,Gibson,TN
37071,Gladeville,TN
38229,Gleason,TN
37070,Goodlettsville,TN
37072,Goodlettsville,TN
37075,Goodlettsville,TN
37115,Goodlettsville,TN
38460,Goodspring,TN
38547,Gordonsville,TN
38563,Gordonsville,TN
38567,Gordonsville,TN
38039,"Grand Junction",TN
37337,Grandview,TN
38564,Granville,TN
37321,Graysville,TN
37338,Graysville,TN
37742,Greenback,TN
37073,Greenbrier,TN
37616,Greeneville,TN
37641,Greeneville,TN
37743,Greeneville,TN
37744,Greeneville,TN
37745,Greeneville,TN
38230,Greenfield,TN
38556,Grimsley,TN
38565,Grimsley,TN
37339,"Gruetli Laager",TN
37340,Guild,TN
38339,Guys,TN
38367,Guys,TN
38037,Halls,TN
38040,Halls,TN
38461,Hampshire,TN
37658,Hampton,TN
37748,Harriman,TN
37763,Harriman,TN
37341,Harrison,TN
37416,Harrison,TN
37724,Harrogate,TN
37752,Harrogate,TN
37753,Hartford,TN
37022,Hartsville,TN
37031,Hartsville,TN
37057,Hartsville,TN
37074,Hartsville,TN
37087,Hartsville,TN
37754,Heiskell,TN
37755,Helenwood,TN
38340,Henderson,TN
37066,Hendersonville,TN
37075,Hendersonville,TN
37077,Hendersonville,TN
38041,Henning,TN
38063,Henning,TN
38231,Henry,TN
37076,Hermitage,TN
38567,Hickman,TN
38042,"Hickory Valley",TN
38568,Hilham,TN
37342,Hillsboro,TN
37343,Hixson,TN
38462,Hohenwald,TN
38341,Holladay,TN
38342,"Hollow Rock",TN
38232,Hornbeak,TN
38008,Hornsby,TN
38044,Hornsby,TN
38343,Humboldt,TN
38344,Huntingdon,TN
37345,Huntland,TN
37755,Huntsville,TN
37756,Huntsville,TN
38345,Huron,TN
37078,"Hurricane Mills",TN
38346,Idlewild,TN
37079,"Indian Mound",TN
38463,"Iron City",TN
38347,"Jacks Creek",TN
37757,Jacksboro,TN
38301,Jackson,TN
38302,Jackson,TN
38303,Jackson,TN
38305,Jackson,TN
38308,Jackson,TN
38314,Jackson,TN
38343,Jackson,TN
38556,Jamestown,TN
37347,Jasper,TN
37760,"Jefferson City",TN
37820,"Jefferson City",TN
37877,"Jefferson City",TN
37762,Jellico,TN
37847,Jellico,TN
37080,Joelton,TN
37601,"Johnson City",TN
37602,"Johnson City",TN
37604,"Johnson City",TN
37605,"Johnson City",TN
37614,"Johnson City",TN
37615,"Johnson City",TN
37659,"Johnson City",TN
37684,"Johnson City",TN
37686,"Johnson City",TN
37694,"Johnson City",TN
37659,Jonesborough,TN
37348,Kelso,TN
38233,Kenton,TN
37617,Kingsport,TN
37659,Kingsport,TN
37660,Kingsport,TN
37662,Kingsport,TN
37663,Kingsport,TN
37664,Kingsport,TN
37665,Kingsport,TN
37669,Kingsport,TN
37857,Kingsport,TN
37763,Kingston,TN
37082,"Kingston Springs",TN
37849,Knoxville,TN
37871,Knoxville,TN
37901,Knoxville,TN
37902,Knoxville,TN
37909,Knoxville,TN
37912,Knoxville,TN
37914,Knoxville,TN
37915,Knoxville,TN
37916,Knoxville,TN
37917,Knoxville,TN
37918,Knoxville,TN
37919,Knoxville,TN
37920,Knoxville,TN
37921,Knoxville,TN
37922,Knoxville,TN
37923,Knoxville,TN
37924,Knoxville,TN
37927,Knoxville,TN
37928,Knoxville,TN
37930,Knoxville,TN
37932,Knoxville,TN
37933,Knoxville,TN
37934,Knoxville,TN
37939,Knoxville,TN
37940,Knoxville,TN
37950,Knoxville,TN
37990,Knoxville,TN
37995,Knoxville,TN
37996,Knoxville,TN
37997,Knoxville,TN
37998,Knoxville,TN
37764,Kodak,TN
37765,"Kyles Ford",TN
37757,"La Follette",TN
37766,"La Follette",TN
38046,"La Grange",TN
38057,"La Grange",TN
37086,"La Vergne",TN
37089,"La Vergne",TN
37135,"La Vergne",TN
37167,"La Vergne",TN
38045,Laconia,TN
37083,Lafayette,TN
37714,"Lake City",TN
37769,"Lake City",TN
38569,Lancaster,TN
37770,Lancing,TN
37085,Lascassas,TN
37680,"Laurel Bloomery",TN
38348,Lavinia,TN
38456,Lawrenceburg,TN
38464,Lawrenceburg,TN
38468,Lawrenceburg,TN
37087,Lebanon,TN
37088,Lebanon,TN
37090,Lebanon,TN
37122,Lebanon,TN
37771,"Lenoir City",TN
37772,"Lenoir City",TN
38047,Lenox,TN
38468,Leoma,TN
37019,Lewisburg,TN
37091,Lewisburg,TN
38351,Lexington,TN
38388,Lexington,TN
37095,Liberty,TN
37681,Limestone,TN
37096,Linden,TN
38570,Livingston,TN
37097,Lobelville,TN
37773,"Lone Mountain",TN
37350,"Lookout Mountain",TN
37409,"Lookout Mountain",TN
38469,Loretto,TN
37774,Loudon,TN
37777,Louisville,TN
37801,Louisville,TN
37778,Lowland,TN
37351,"Lupton City",TN
38352,Luray,TN
37779,Luttrell,TN
38471,Lutts,TN
37098,Lyles,TN
37144,Lynchburg,TN
37160,Lynchburg,TN
37183,Lynchburg,TN
37306,Lynchburg,TN
37334,Lynchburg,TN
37352,Lynchburg,TN
37359,Lynchburg,TN
37360,Lynchburg,TN
37388,Lynchburg,TN
37398,Lynchburg,TN
38472,Lynnville,TN
38048,Macon,TN
37115,Madison,TN
37354,Madisonville,TN
37349,Manchester,TN
37355,Manchester,TN
38236,Mansfield,TN
38237,Martin,TN
38238,Martin,TN
37737,Maryville,TN
37801,Maryville,TN
37802,Maryville,TN
37803,Maryville,TN
37804,Maryville,TN
37806,Mascot,TN
37924,Mascot,TN
38049,Mason,TN
38001,"Maury City",TN
38034,"Maury City",TN
38050,"Maury City",TN
37807,Maynardville,TN
37353,"Mc Donald",TN
37101,"Mc Ewen",TN
38201,"Mc Kenzie",TN
38235,"Mc Lemoresville",TN
37110,"Mc Minnville",TN
38355,Medina,TN
38358,Medina,TN
38356,Medon,TN
37501,Memphis,TN
37544,Memphis,TN
38002,Memphis,TN
38016,Memphis,TN
38018,Memphis,TN
38028,Memphis,TN
38101,Memphis,TN
38103,Memphis,TN
38104,Memphis,TN
38105,Memphis,TN
38106,Memphis,TN
38107,Memphis,TN
38108,Memphis,TN
38109,Memphis,TN
38110,Memphis,TN
38111,Memphis,TN
38112,Memphis,TN
38113,Memphis,TN
38114,Memphis,TN
38115,Memphis,TN
38116,Memphis,TN
38117,Memphis,TN
38118,Memphis,TN
38119,Memphis,TN
38120,Memphis,TN
38122,Memphis,TN
38124,Memphis,TN
38125,Memphis,TN
38126,Memphis,TN
38127,Memphis,TN
38128,Memphis,TN
38130,Memphis,TN
38131,Memphis,TN
38132,Memphis,TN
38133,Memphis,TN
38134,Memphis,TN
38135,Memphis,TN
38136,Memphis,TN
38138,Memphis,TN
38141,Memphis,TN
38142,Memphis,TN
38145,Memphis,TN
38147,Memphis,TN
38148,Memphis,TN
38150,Memphis,TN
38151,Memphis,TN
38152,Memphis,TN
38159,Memphis,TN
38161,Memphis,TN
38163,Memphis,TN
38165,Memphis,TN
38166,Memphis,TN
38167,Memphis,TN
38168,Memphis,TN
38173,Memphis,TN
38174,Memphis,TN
38175,Memphis,TN
38177,Memphis,TN
38181,Memphis,TN
38182,Memphis,TN
38184,Memphis,TN
38186,Memphis,TN
38187,Memphis,TN
38188,Memphis,TN
38190,Memphis,TN
38193,Memphis,TN
38194,Memphis,TN
38197,Memphis,TN
38392,Mercer,TN
38357,Michie,TN
38052,Middleton,TN
37809,Midway,TN
38358,Milan,TN
38332,Milledgeville,TN
38359,Milledgeville,TN
37682,"Milligan College",TN
38053,Millington,TN
38054,Millington,TN
38055,Millington,TN
38083,Millington,TN
37118,Milton,TN
38460,"Minor Hill",TN
38473,"Minor Hill",TN
37119,Mitchellville,TN
37148,Mitchellville,TN
37810,Mohawk,TN
38573,Monroe,TN
37356,Monteagle,TN
37366,Monteagle,TN
37375,Monteagle,TN
38574,Monterey,TN
37811,Mooresburg,TN
38361,"Morris Chapel",TN
37357,Morrison,TN
37778,Morristown,TN
37813,Morristown,TN
37814,Morristown,TN
37815,Morristown,TN
37816,Morristown,TN
37860,Morristown,TN
37877,Morristown,TN
38057,Moscow,TN
37711,Mosheim,TN
37743,Mosheim,TN
37809,Mosheim,TN
37810,Mosheim,TN
37818,Mosheim,TN
38575,Moss,TN
37642,"Mount Carmel",TN
37645,"Mount Carmel",TN
37660,"Mount Carmel",TN
37121,"Mount Juliet",TN
37122,"Mount Juliet",TN
37138,"Mount Juliet",TN
38401,"Mount Pleasant",TN
38474,"Mount Pleasant",TN
37683,"Mountain City",TN
37684,"Mountain Home",TN
37359,Mulberry,TN
38004,Munford,TN
38053,Munford,TN
38058,Munford,TN
37127,Murfreesboro,TN
37128,Murfreesboro,TN
37129,Murfreesboro,TN
37130,Murfreesboro,TN
37131,Murfreesboro,TN
37132,Murfreesboro,TN
37133,Murfreesboro,TN
37153,Murfreesboro,TN
37011,Nashville,TN
37013,Nashville,TN
37015,Nashville,TN
37027,Nashville,TN
37064,Nashville,TN
37072,Nashville,TN
37076,Nashville,TN
37080,Nashville,TN
37086,Nashville,TN
37115,Nashville,TN
37116,Nashville,TN
37122,Nashville,TN
37135,Nashville,TN
37138,Nashville,TN
37143,Nashville,TN
37152,Nashville,TN
37189,Nashville,TN
37201,Nashville,TN
37202,Nashville,TN
37203,Nashville,TN
37204,Nashville,TN
37205,Nashville,TN
37206,Nashville,TN
37207,Nashville,TN
37208,Nashville,TN
37209,Nashville,TN
37210,Nashville,TN
37211,Nashville,TN
37212,Nashville,TN
37213,Nashville,TN
37214,Nashville,TN
37215,Nashville,TN
37216,Nashville,TN
37217,Nashville,TN
37218,Nashville,TN
37219,Nashville,TN
37220,Nashville,TN
37221,Nashville,TN
37222,Nashville,TN
37224,Nashville,TN
37227,Nashville,TN
37228,Nashville,TN
37229,Nashville,TN
37230,Nashville,TN
37232,Nashville,TN
37234,Nashville,TN
37235,Nashville,TN
37236,Nashville,TN
37237,Nashville,TN
37240,Nashville,TN
37241,Nashville,TN
37242,Nashville,TN
37243,Nashville,TN
37244,Nashville,TN
37246,Nashville,TN
37250,Nashville,TN
37134,"New Johnsonville",TN
37820,"New Market",TN
37824,"New Tazewell",TN
37825,"New Tazewell",TN
37879,"New Tazewell",TN
38059,Newbern,TN
37819,Newcomb,TN
37821,Newport,TN
37822,Newport,TN
37826,Niota,TN
37135,Nolensville,TN
37136,Norene,TN
37360,Normandy,TN
37705,Norris,TN
37716,Norris,TN
37828,Norris,TN
37137,Nunnelly,TN
37716,"Oak Ridge",TN
37748,"Oak Ridge",TN
37763,"Oak Ridge",TN
37771,"Oak Ridge",TN
37830,"Oak Ridge",TN
37831,"Oak Ridge",TN
37840,"Oak Ridge",TN
37829,Oakdale,TN
38362,Oakfield,TN
38028,Oakland,TN
38060,Oakland,TN
38068,Oakland,TN
38240,Obion,TN
38260,Obion,TN
37361,Ocoee,TN
37138,"Old Hickory",TN
37316,Oldfort,TN
38475,Olivehill,TN
37840,"Oliver Springs",TN
37841,Oneida,TN
37140,Only,TN
37363,Ooltewah,TN
37049,Orlinda,TN
37141,Orlinda,TN
37148,Orlinda,TN
37172,Orlinda,TN
38577,"Pall Mall",TN
37365,Palmer,TN
38241,Palmersville,TN
37142,Palmyra,TN
38242,Paris,TN
37843,Parrottsville,TN
38363,Parsons,TN
37082,Pegram,TN
37143,Pegram,TN
37324,Pelham,TN
37366,Pelham,TN
37144,Petersburg,TN
37840,Petros,TN
37845,Petros,TN
37846,Philadelphia,TN
38365,"Pickwick Dam",TN
37862,"Pigeon Forge",TN
37863,"Pigeon Forge",TN
37868,"Pigeon Forge",TN
37876,"Pigeon Forge",TN
37367,Pikeville,TN
37686,"Piney Flats",TN
38366,Pinson,TN
37847,Pioneer,TN
38571,"Pleasant Hill",TN
38572,"Pleasant Hill",TN
38578,"Pleasant Hill",TN
38583,"Pleasant Hill",TN
37145,"Pleasant Shade",TN
37015,"Pleasant View",TN
37035,"Pleasant View",TN
37146,"Pleasant View",TN
38061,Pocahontas,TN
37148,Portland,TN
37848,"Powder Springs",TN
37849,Powell,TN
38476,"Primm Springs",TN
38477,Prospect,TN
37851,Pruden,TN
38478,Pulaski,TN
38251,Puryear,TN
38579,Quebeck,TN
38367,Ramer,TN
37149,Readyville,TN
38368,Reagan,TN
37150,"Red Boiling Springs",TN
37369,Reliance,TN
37370,Riceville,TN
38580,Rickman,TN
37151,Riddleton,TN
38080,Ridgely,TN
37072,Ridgetop,TN
37073,Ridgetop,TN
37152,Ridgetop,TN
38063,Ripley,TN
38253,Rives,TN
38261,Rives,TN
37687,"Roan Mountain",TN
37852,Robbins,TN
38581,"Rock Island",TN
37804,Rockford,TN
37853,Rockford,TN
37128,Rockvale,TN
37153,Rockvale,TN
37854,Rockwood,TN
37857,Rogersville,TN
38066,Rossville,TN
37733,Rugby,TN
37860,Russellville,TN
38369,Rutherford,TN
37861,Rutledge,TN
38481,"Saint Joseph",TN
37373,"Sale Creek",TN
37379,"Sale Creek",TN
38370,Saltillo,TN
38371,Saltillo,TN
38232,Samburg,TN
38254,Samburg,TN
38482,"Santa Fe",TN
38371,Sardis,TN
38067,Saulsbury,TN
38372,Savannah,TN
38329,"Scotts Hill",TN
38368,"Scotts Hill",TN
38374,"Scotts Hill",TN
38375,Selmer,TN
37374,Sequatchie,TN
37764,Sevierville,TN
37862,Sevierville,TN
37864,Sevierville,TN
37876,Sevierville,TN
37375,Sewanee,TN
37383,Sewanee,TN
37865,Seymour,TN
37920,Seymour,TN
37688,"Shady Valley",TN
38255,Sharon,TN
37866,"Sharps Chapel",TN
37867,Shawanee,TN
37160,Shelbyville,TN
37161,Shelbyville,TN
37162,Shelbyville,TN
37183,Shelbyville,TN
37376,Sherwood,TN
38376,Shiloh,TN
37377,"Signal Mountain",TN
37405,"Signal Mountain",TN
38340,Silerton,TN
38377,Silerton,TN
38582,"Silver Point",TN
37051,Slayden,TN
37165,Slayden,TN
37378,Smartt,TN
37166,Smithville,TN
37086,Smyrna,TN
37129,Smyrna,TN
37135,Smyrna,TN
37167,Smyrna,TN
37869,Sneedville,TN
37379,"Soddy Daisy",TN
38068,Somerville,TN
38257,"South Fulton",TN
37380,"South Pittsburg",TN
37171,Southside,TN
38583,Sparta,TN
37870,Speedwell,TN
38585,Spencer,TN
37381,"Spring City",TN
38378,"Spring Creek",TN
37174,"Spring Hill",TN
37179,"Spring Hill",TN
38401,"Spring Hill",TN
37172,Springfield,TN
38256,Springville,TN
38069,Stanton,TN
38379,Stantonville,TN
37175,Stewart,TN
37871,"Strawberry Plains",TN
38380,"Sugar Tree",TN
38483,Summertown,TN
37382,Summitville,TN
37872,Sunbright,TN
37857,Surgoinsville,TN
37873,Surgoinsville,TN
37874,Sweetwater,TN
38488,Taft,TN
37877,Talbott,TN
37878,Tallassee,TN
37879,Tazewell,TN
37690,Telford,TN
37385,"Tellico Plains",TN
37880,"Ten Mile",TN
37061,"Tennessee Ridge",TN
37178,"Tennessee Ridge",TN
37179,"Thompsons Station",TN
37881,"Thorn Hill",TN
38070,Tigrett,TN
38071,Tipton,TN
38079,Tiptonville,TN
38381,Toone,TN
37882,Townsend,TN
37387,"Tracy City",TN
37691,Trade,TN
38382,Trenton,TN
38258,Trezevant,TN
38259,Trimble,TN
38260,Troy,TN
38261,Troy,TN
37360,Tullahoma,TN
37388,Tullahoma,TN
37391,Turtletown,TN
37601,Unicoi,TN
37692,Unicoi,TN
38261,"Union City",TN
38281,"Union City",TN
37034,Unionville,TN
37160,Unionville,TN
37180,Unionville,TN
37181,Vanleer,TN
37357,Viola,TN
37394,Viola,TN
37801,Vonore,TN
37885,Vonore,TN
37886,Walland,TN
38587,Walling,TN
37887,Wartburg,TN
37183,Wartrace,TN
37848,Washburn,TN
37694,Watauga,TN
37184,Watertown,TN
37185,Waverly,TN
38485,Waynesboro,TN
37186,Westmoreland,TN
38486,Westpoint,TN
38387,Westport,TN
37187,"White Bluff",TN
37048,"White House",TN
37073,"White House",TN
37188,"White House",TN
37890,"White Pine",TN
37189,"Whites Creek",TN
37891,Whitesburg,TN
37396,Whiteside,TN
38075,Whiteville,TN
38588,Whitleyville,TN
37397,Whitwell,TN
38589,Wilder,TN
38388,Wildersville,TN
38487,Williamsport,TN
38068,Williston,TN
38076,Williston,TN
37324,Winchester,TN
37398,Winchester,TN
37841,Winfield,TN
37892,Winfield,TN
37190,Woodbury,TN
38261,"Woodland Mills",TN
38271,"Woodland Mills",TN
37191,Woodlawn,TN
38077,Wynnburg,TN
38059,Yorkville,TN
38330,Yorkville,TN
38389,Yorkville,TN
38390,Yuma,TN
38506,Algood,TN
37745,Baileyton,TN
37890,Baneberry,TN
37650,"Banner Hill",TN
38002,Bartlett,TN
38029,Bartlett,TN
38133,Bartlett,TN
38134,Bartlett,TN
38135,Bartlett,TN
37205,"Belle Meade",TN
37215,"Belle Meade",TN
37204,"Berry Hill",TN
37211,"Berry Hill",TN
37660,Bloomingdale,TN
37665,Bloomingdale,TN
37098,"Bon Aqua Junction",TN
38571,Bowman,TN
37022,Bransford,TN
37110,Centertown,TN
37601,Central,TN
38351,Chesterfield,TN
37663,"Colonial Heights",TN
37032,Coopertown,TN
37073,Coopertown,TN
37146,Coopertown,TN
37172,Coopertown,TN
38501,"Dodson Branch",TN
38562,"Dodson Branch",TN
37804,"Eagleton Village",TN
37311,"East Cleveland",TN
37411,"East Ridge",TN
37412,"East Ridge",TN
38367,Eastview,TN
38375,Eastview,TN
37186,Fairfield,TN
37723,"Fairfield Glade",TN
38558,"Fairfield Glade",TN
38571,"Fairfield Glade",TN
37876,Fairgarden,TN
37377,Fairmount,TN
37343,"Falling Water",TN
37415,"Falling Water",TN
37932,Farragut,TN
37934,Farragut,TN
37766,Fincastle,TN
37379,"Flat Top Mountain",TN
37027,"Forest Hills",TN
37215,"Forest Hills",TN
38019,Garland,TN
38011,"Gilt Edge",TN
38015,"Gilt Edge",TN
37066,Graball,TN
37148,Graball,TN
37615,Gray,TN
37122,"Green Hill",TN
37138,"Green Hill",TN
37313,Gruetli-laager,TN
37339,Gruetli-laager,TN
37365,Gruetli-laager,TN
37312,Hopewell,TN
37643,Hunter,TN
37347,Kimball,TN
37380,Kimball,TN
38002,Lakeland,TN
38014,Lakeland,TN
37343,Lakesite,TN
37379,Lakesite,TN
38572,"Lake Tansi",TN
37018,"Lakewood Park",TN
37377,"Lone Oak",TN
37101,Mcewen,TN
38201,Mckenzie,TN
38235,Mclemoresville,TN
38258,Mclemoresville,TN
38344,Mclemoresville,TN
37110,Mcminnville,TN
37111,Mcminnville,TN
37343,"Middle Valley",TN
37748,Midtown,TN
37763,Midtown,TN
37072,Millersville,TN
37073,Millersville,TN
37379,"Mowbray Mountain",TN
37048,"New Deal",TN
37148,"New Deal",TN
37380,"New Hope",TN
37355,"New Union",TN
37022,"Oak Grove",TN
37148,"Oak Grove",TN
37615,"Oak Grove",TN
37027,"Oak Hill",TN
37204,"Oak Hill",TN
37215,"Oak Hill",TN
37220,"Oak Hill",TN
38372,Olivet,TN
37380,Orme,TN
37334,"Park City",TN
38388,"Parker's Crossroads",TN
38390,"Parker's Crossroads",TN
37601,"Pine Crest",TN
38017,Piperton,TN
38066,Piperton,TN
37738,"Pittman Center",TN
37876,"Pittman Center",TN
37721,Plainview,TN
37779,Plainview,TN
37397,"Powells Crossroads",TN
37343,"Red Bank",TN
37405,"Red Bank",TN
37415,"Red Bank",TN
37411,Ridgeside,TN
37076,"Rural Hill",TN
37122,"Rural Hill",TN
37072,"Shackle Island",TN
37075,"Shackle Island",TN
37343,Soddy-daisy,TN
37379,Soddy-daisy,TN
37384,Soddy-daisy,TN
37030,"South Carthage",TN
38547,"South Carthage",TN
37311,"South Cleveland",TN
37323,"South Cleveland",TN
37353,"South Cleveland",TN
37615,Spurgeon,TN
37663,Spurgeon,TN
38463,"St. Joseph",TN
38469,"St. Joseph",TN
38481,"St. Joseph",TN
37774,"Tellico Village",TN
37064,"Thompson's Station",TN
37179,"Thompson's Station",TN
38343,"Three Way",TN
37616,Tusculum,TN
37745,Tusculum,TN
37377,Walden,TN
37048,"Walnut Grove",TN
38372,"Walnut Grove",TN
37620,"Walnut Hill",TN
37085,Walterhill,TN
37129,Walterhill,TN
37130,Walterhill,TN
37804,Wildwood,TN
37323,"Wildwood Lake",TN
37098,Wrigley,TN
