zipcode,city,state
68001,Abie,NE
68301,Adams,NE
69210,Ainsworth,NE
68620,Albion,NE
68810,Alda,NE
68303,Alexandria,NE
68710,Allen,NE
69301,Alliance,NE
68920,Alma,NE
68304,Alvo,NE
68711,Amelia,NE
68621,Ames,NE
68812,Amherst,NE
69331,Angora,NE
68813,Anselmo,NE
68814,Ansley,NE
68922,Arapahoe,NE
68815,Arcadia,NE
68816,Archer,NE
68002,Arlington,NE
69120,Arnold,NE
69121,Arthur,NE
69333,Ashby,NE
68003,Ashland,NE
68817,Ashton,NE
68713,Atkinson,NE
68923,Atlanta,NE
68305,Auburn,NE
68818,Aurora,NE
68307,Avoca,NE
68924,Axtell,NE
68925,Ayr,NE
68004,Bancroft,NE
68309,Barneston,NE
68622,Bartlett,NE
69020,Bartley,NE
68714,Bassett,NE
68701,"Battle Creek",NE
68715,"Battle Creek",NE
69334,Bayard,NE
68310,Beatrice,NE
68926,"Beaver City",NE
68313,"Beaver Crossing",NE
68314,Bee,NE
68716,Beemer,NE
68717,Belden,NE
68623,Belgrade,NE
68005,Bellevue,NE
68123,Bellevue,NE
68133,Bellevue,NE
68147,Bellevue,NE
68157,Bellevue,NE
68624,Bellwood,NE
68315,Belvidere,NE
68316,Benedict,NE
69021,Benkelman,NE
68317,Bennet,NE
68007,Bennington,NE
68927,Bertrand,NE
69122,"Big Springs",NE
69335,Bingham,NE
68928,Bladen,NE
68008,Blair,NE
68009,Blair,NE
68718,Bloomfield,NE
68929,Bloomington,NE
68939,Bloomington,NE
68930,"Blue Hill",NE
68318,"Blue Springs",NE
68820,Boelus,NE
68010,"Boys Town",NE
68319,Bradshaw,NE
69123,Brady,NE
68626,Brainard,NE
68821,Brewster,NE
69336,Bridgeport,NE
68719,Bristow,NE
69125,Broadwater,NE
68320,Brock,NE
68822,"Broken Bow",NE
68321,Brownville,NE
69127,Brule,NE
68322,Bruning,NE
68014,Bruno,NE
68720,Brunswick,NE
68323,Burchard,NE
68324,Burr,NE
68823,Burwell,NE
69128,Bushnell,NE
69145,Bushnell,NE
68722,Butte,NE
68325,Byron,NE
68824,Cairo,NE
68825,Callaway,NE
69022,Cambridge,NE
68932,Campbell,NE
68326,Carleton,NE
68723,Carroll,NE
68015,"Cedar Bluffs",NE
68016,"Cedar Creek",NE
68627,"Cedar Rapids",NE
68018,Center,NE
68066,Center,NE
68626,Center,NE
68632,Center,NE
68724,Center,NE
68826,"Central City",NE
68017,Ceresco,NE
69337,Chadron,NE
68725,Chambers,NE
69023,Champion,NE
68065,Chapman,NE
68066,Chapman,NE
68070,Chapman,NE
68827,Chapman,NE
69129,Chappell,NE
68036,Chester,NE
68050,Chester,NE
68327,Chester,NE
68648,Chester,NE
68628,Clarks,NE
68629,Clarkson,NE
68328,Clatonia,NE
68933,"Clay Center",NE
68726,Clearwater,NE
69211,Cody,NE
68727,Coleridge,NE
68018,Colon,NE
68601,Columbus,NE
68602,Columbus,NE
68828,Comstock,NE
68728,Concord,NE
68329,Cook,NE
68330,Cordova,NE
68359,Cordova,NE
68331,Cortland,NE
69130,Cozad,NE
68332,"Crab Orchard",NE
68019,Craig,NE
68720,Crawford,NE
68756,Crawford,NE
68769,Crawford,NE
69339,Crawford,NE
68729,Creighton,NE
68631,Creston,NE
68333,Crete,NE
68730,Crofton,NE
69212,Crookston,NE
69024,Culbertson,NE
69025,Curtis,NE
68731,"Dakota City",NE
69131,Dalton,NE
69026,Danbury,NE
68831,Dannebrog,NE
68335,Davenport,NE
68336,Davey,NE
68632,"David City",NE
68337,Dawson,NE
68338,Daykin,NE
68341,"De Witt",NE
68020,Decatur,NE
68339,Denton,NE
68340,Deshler,NE
68934,Deweese,NE
69132,Dickens,NE
68342,Diller,NE
69133,Dix,NE
68732,Dixon,NE
68633,Dodge,NE
68832,Doniphan,NE
68343,Dorchester,NE
68015,Douglas,NE
68018,Douglas,NE
68040,Douglas,NE
68050,Douglas,NE
68344,Douglas,NE
68648,Douglas,NE
68345,"Du Bois",NE
68346,Dunbar,NE
68634,Duncan,NE
68833,Dunning,NE
68635,Dwight,NE
68347,Eagle,NE
68834,Eddyville,NE
68935,Edgar,NE
68936,Edison,NE
68835,Elba,NE
68636,Elgin,NE
68348,"Elk Creek",NE
68855,"Elk Creek",NE
68866,"Elk Creek",NE
68878,"Elk Creek",NE
68025,Elkhorn,NE
68716,Elkhorn,NE
68788,Elkhorn,NE
68720,Ellsworth,NE
68756,Ellsworth,NE
68773,Ellsworth,NE
68836,"Elm Creek",NE
68349,Elmwood,NE
69134,Elsie,NE
69135,Elsmere,NE
68937,Elwood,NE
68837,Elyria,NE
68733,Emerson,NE
68966,Emerson,NE
68967,Emerson,NE
68734,Emmet,NE
69027,Enders,NE
68350,Endicott,NE
68637,Ericson,NE
69028,Eustis,NE
68735,Ewing,NE
68351,Exeter,NE
68352,Fairbury,NE
68938,Fairfield,NE
68966,Fairfield,NE
68977,Fairfield,NE
68354,Fairmont,NE
68355,"Falls City",NE
69029,Farnam,NE
68838,Farwell,NE
68357,Filley,NE
68358,Firth,NE
68736,Fordyce,NE
68023,"Fort Calhoun",NE
68014,Franklin,NE
68406,Franklin,NE
68416,Franklin,NE
68453,Franklin,NE
68626,Franklin,NE
68632,Franklin,NE
68939,Franklin,NE
68025,Fremont,NE
68026,Fremont,NE
68359,Friend,NE
68638,Fullerton,NE
68940,Funk,NE
68360,Garland,NE
68361,Geneva,NE
68640,Genoa,NE
69341,Gering,NE
68840,Gibbon,NE
68362,Gilead,NE
68841,Giltner,NE
68941,Glenvil,NE
68364,Goehner,NE
68434,Goehner,NE
69343,Gordon,NE
69138,Gothenburg,NE
68365,Grafton,NE
68801,"Grand Island",NE
68802,"Grand Island",NE
68803,"Grand Island",NE
68047,Grant,NE
68328,Grant,NE
68341,Grant,NE
68761,Grant,NE
68781,Grant,NE
68791,Grant,NE
68825,Grant,NE
68860,Grant,NE
68932,Grant,NE
68939,Grant,NE
68959,Grant,NE
68972,Grant,NE
68981,Grant,NE
69138,Grant,NE
69140,Grant,NE
68842,Greeley,NE
68366,Greenwood,NE
68367,Gresham,NE
68028,Gretna,NE
68942,"Guide Rock",NE
69141,Gurley,NE
68701,Hadar,NE
68738,Hadar,NE
69030,Haigler,NE
68368,Hallam,NE
69142,Halsey,NE
68843,Hampton,NE
68943,Hardy,NE
69345,Harrisburg,NE
68718,Harrison,NE
68724,Harrison,NE
68760,Harrison,NE
69346,Harrison,NE
68739,Hartington,NE
68944,Harvard,NE
68901,Hastings,NE
68902,Hastings,NE
68955,Hastings,NE
69347,"Hay Springs",NE
69032,"Hayes Center",NE
68844,Hazard,NE
68945,Heartwell,NE
68370,Hebron,NE
69348,Hemingford,NE
68371,Henderson,NE
68946,Hendley,NE
68029,Herman,NE
69143,Hershey,NE
68372,Hickman,NE
68947,Hildreth,NE
68948,Holbrook,NE
68949,Holdrege,NE
68950,Holstein,NE
68030,Homer,NE
68031,Hooper,NE
68846,Hordville,NE
68740,Hoskins,NE
68641,Howells,NE
68741,Hubbard,NE
68375,Hubbell,NE
68376,Humboldt,NE
68642,Humphrey,NE
69350,Hyannis,NE
69033,Imperial,NE
68952,Inavale,NE
69034,Indianola,NE
68954,Inland,NE
68742,Inman,NE
68033,Ithaca,NE
68743,Jackson,NE
68377,Jansen,NE
68378,Johnson,NE
69214,Johnstown,NE
68955,Juniata,NE
68845,Kearney,NE
68847,Kearney,NE
68848,Kearney,NE
68849,Kearney,NE
68956,Kenesaw,NE
68034,Kennard,NE
69144,Keystone,NE
69216,Kilgore,NE
69145,Kimball,NE
68046,"La Vista",NE
68128,"La Vista",NE
69351,Lakeside,NE
68745,Laurel,NE
68957,Lawrence,NE
69036,Lebanon,NE
68643,Leigh,NE
69146,Lemoyne,NE
69147,Lewellen,NE
68380,Lewiston,NE
68850,Lexington,NE
68351,Liberty,NE
68354,Liberty,NE
68381,Liberty,NE
68406,Liberty,NE
68959,Liberty,NE
68310,Lincoln,NE
68336,Lincoln,NE
68430,Lincoln,NE
68501,Lincoln,NE
68502,Lincoln,NE
68503,Lincoln,NE
68504,Lincoln,NE
68505,Lincoln,NE
68506,Lincoln,NE
68507,Lincoln,NE
68508,Lincoln,NE
68509,Lincoln,NE
68510,Lincoln,NE
68512,Lincoln,NE
68514,Lincoln,NE
68516,Lincoln,NE
68517,Lincoln,NE
68520,Lincoln,NE
68521,Lincoln,NE
68522,Lincoln,NE
68523,Lincoln,NE
68524,Lincoln,NE
68526,Lincoln,NE
68527,Lincoln,NE
68528,Lincoln,NE
68529,Lincoln,NE
68531,Lincoln,NE
68542,Lincoln,NE
68583,Lincoln,NE
68588,Lincoln,NE
68633,Lincoln,NE
68636,Lincoln,NE
68641,Lincoln,NE
68786,Lincoln,NE
68788,Lincoln,NE
68947,Lincoln,NE
68959,Lincoln,NE
68982,Lincoln,NE
68644,Lindsay,NE
68036,Linwood,NE
69148,Lisco,NE
68852,Litchfield,NE
69149,Lodgepole,NE
69217,"Long Pine",NE
68958,Loomis,NE
68382,Lorton,NE
68037,Louisville,NE
68853,"Loup City",NE
69352,Lyman,NE
68746,Lynch,NE
68038,Lyons,NE
68039,Macy,NE
68354,Madison,NE
68361,Madison,NE
68748,Madison,NE
69150,Madrid,NE
68749,Magnet,NE
68402,Malcolm,NE
68040,Malmo,NE
68403,Manley,NE
68854,Marquette,NE
69354,Marsland,NE
68404,Martell,NE
68751,Maskell,NE
68855,"Mason City",NE
69037,Max,NE
69151,Maxwell,NE
69038,Maywood,NE
69001,"Mc Cook",NE
68401,"Mc Cool Junction",NE
69334,Mcgrew,NE
69353,Mcgrew,NE
68747,Mclean,NE
68003,Mead,NE
68041,Mead,NE
68628,Mead,NE
68816,Mead,NE
68826,Mead,NE
68864,Mead,NE
68752,"Meadow Grove",NE
69355,Melbeta,NE
68042,Memphis,NE
68856,Merna,NE
69218,Merriman,NE
68405,Milford,NE
68729,Miller,NE
68789,Miller,NE
68858,Miller,NE
68406,Milligan,NE
68753,Mills,NE
69356,Minatare,NE
68924,Minden,NE
68959,Minden,NE
69357,Mitchell,NE
68647,Monroe,NE
69039,Moorefield,NE
69358,Morrill,NE
68648,"Morse Bluff",NE
68719,Mullen,NE
68746,Mullen,NE
69152,Mullen,NE
68407,Murdock,NE
68409,Murray,NE
68755,Naper,NE
68960,Naponee,NE
68410,"Nebraska City",NE
68413,Nehawka,NE
68004,Neligh,NE
68756,Neligh,NE
68788,Neligh,NE
68961,Nelson,NE
68301,Nemaha,NE
68331,Nemaha,NE
68358,Nemaha,NE
68414,Nemaha,NE
69219,Nenzel,NE
68757,Newcastle,NE
68758,"Newman Grove",NE
68759,Newport,NE
68044,Nickerson,NE
68760,Niobrara,NE
68701,Norfolk,NE
68702,Norfolk,NE
68649,"North Bend",NE
68859,"North Loup",NE
69101,"North Platte",NE
69103,"North Platte",NE
68964,Oak,NE
68761,Oakdale,NE
68045,Oakland,NE
68860,Oconto,NE
68415,Odell,NE
68836,Odessa,NE
68845,Odessa,NE
68861,Odessa,NE
68113,"Offutt A F B",NE
69153,Ogallala,NE
68416,Ohiowa,NE
68007,Omaha,NE
68010,Omaha,NE
68022,Omaha,NE
68039,Omaha,NE
68055,Omaha,NE
68067,Omaha,NE
68101,Omaha,NE
68102,Omaha,NE
68103,Omaha,NE
68104,Omaha,NE
68105,Omaha,NE
68106,Omaha,NE
68107,Omaha,NE
68108,Omaha,NE
68109,Omaha,NE
68110,Omaha,NE
68111,Omaha,NE
68112,Omaha,NE
68114,Omaha,NE
68116,Omaha,NE
68117,Omaha,NE
68118,Omaha,NE
68119,Omaha,NE
68120,Omaha,NE
68122,Omaha,NE
68124,Omaha,NE
68127,Omaha,NE
68130,Omaha,NE
68131,Omaha,NE
68132,Omaha,NE
68134,Omaha,NE
68135,Omaha,NE
68137,Omaha,NE
68139,Omaha,NE
68142,Omaha,NE
68144,Omaha,NE
68145,Omaha,NE
68152,Omaha,NE
68154,Omaha,NE
68155,Omaha,NE
68164,Omaha,NE
68172,Omaha,NE
68175,Omaha,NE
68176,Omaha,NE
68178,Omaha,NE
68179,Omaha,NE
68180,Omaha,NE
68181,Omaha,NE
68183,Omaha,NE
68197,Omaha,NE
68198,Omaha,NE
68763,Oneill,NE
68452,Ong,NE
68764,Orchard,NE
68636,Ord,NE
68726,Ord,NE
68756,Ord,NE
68862,Ord,NE
68966,Orleans,NE
68651,Osceola,NE
69154,Oshkosh,NE
69190,Oshkosh,NE
68765,Osmond,NE
68417,Otoe,NE
68863,Overton,NE
68967,Oxford,NE
68766,Page,NE
69040,Palisade,NE
68864,Palmer,NE
68418,Palmyra,NE
68419,Panama,NE
68046,Papillion,NE
68133,Papillion,NE
68157,Papillion,NE
69041,Parks,NE
68420,"Pawnee City",NE
69155,Paxton,NE
68047,Pender,NE
68421,Peru,NE
68652,Petersburg,NE
68865,Phillips,NE
68422,Pickrell,NE
68767,Pierce,NE
68768,Pilger,NE
68769,Plainview,NE
68653,"Platte Center",NE
68048,Plattsmouth,NE
68423,"Pleasant Dale",NE
68866,Pleasanton,NE
68424,Plymouth,NE
68654,Polk,NE
68770,Ponca,NE
69156,Potter,NE
68050,Prague,NE
68655,Primrose,NE
69157,Purdum,NE
68969,Ragan,NE
68771,Randolph,NE
68869,Ravenna,NE
68428,Raymond,NE
68760,Raymond,NE
68783,Raymond,NE
68970,"Red Cloud",NE
68971,"Republican City",NE
68352,Reynolds,NE
68658,"Rising City",NE
68870,Riverdale,NE
68972,Riverton,NE
68430,Roca,NE
68871,Rockville,NE
68659,Rogers,NE
68055,Rosalie,NE
68973,Roseland,NE
68773,Royal,NE
68431,Rulo,NE
69360,Rushville,NE
68974,Ruskin,NE
68660,"Saint Edward",NE
68774,"Saint Helena",NE
68872,"Saint Libory",NE
68873,"Saint Paul",NE
68433,Salem,NE
68947,Salem,NE
68981,Salem,NE
68874,Sargent,NE
68975,Saronville,NE
68661,Schuyler,NE
68875,Scotia,NE
69361,Scottsbluff,NE
69363,Scottsbluff,NE
68057,Scribner,NE
69161,Seneca,NE
68434,Seward,NE
68662,Shelby,NE
68876,Shelton,NE
68436,Shickley,NE
68437,Shubert,NE
69160,Sidney,NE
69162,Sidney,NE
68019,"Silver Creek",NE
68020,"Silver Creek",NE
68061,"Silver Creek",NE
68663,"Silver Creek",NE
68976,Smithfield,NE
68057,Snyder,NE
68664,Snyder,NE
68058,"South Bend",NE
68731,"South Sioux City",NE
68776,"South Sioux City",NE
68665,Spalding,NE
69220,Sparks,NE
68777,Spencer,NE
68438,Sprague,NE
68059,Springfield,NE
68778,Springview,NE
68056,"St Columbans",NE
68977,Stamford,NE
68361,Stanton,NE
68436,Stanton,NE
68636,Stanton,NE
68726,Stanton,NE
68779,Stanton,NE
68439,Staplehurst,NE
69163,Stapleton,NE
68440,"Steele City",NE
68441,Steinauer,NE
68442,Stella,NE
68443,Sterling,NE
69039,Stockville,NE
69042,Stockville,NE
68444,Strang,NE
69043,Stratton,NE
68666,Stromsburg,NE
68780,Stuart,NE
68878,Sumner,NE
68978,Superior,NE
68667,Surprise,NE
69143,Sutherland,NE
69165,Sutherland,NE
68944,Sutton,NE
68979,Sutton,NE
68445,Swanton,NE
68446,Syracuse,NE
68447,"Table Rock",NE
68448,Talmage,NE
68879,Taylor,NE
68450,Tecumseh,NE
68061,Tekamah,NE
69166,Thedford,NE
68062,Thurston,NE
68781,Tilden,NE
68453,Tobias,NE
69044,Trenton,NE
68980,Trumbull,NE
69167,Tryon,NE
68063,Uehling,NE
68669,Ulysses,NE
68454,Unadilla,NE
68041,Union,NE
68073,Union,NE
68455,Union,NE
68632,Union,NE
68633,Union,NE
68649,Union,NE
68658,Union,NE
68669,Union,NE
68760,Union,NE
68981,Upland,NE
68456,Utica,NE
69201,Valentine,NE
68064,Valley,NE
68069,Valley,NE
68724,Valley,NE
68729,Valley,NE
68783,Valley,NE
68789,Valley,NE
68065,Valparaiso,NE
69168,Venango,NE
68783,Verdigre,NE
68457,Verdon,NE
68458,Virginia,NE
68460,Waco,NE
68066,Wahoo,NE
68784,Wakefield,NE
69169,Wallace,NE
68067,Walthill,NE
68461,Walton,NE
68520,Walton,NE
68068,Washington,NE
68783,Washington,NE
68920,Washington,NE
68939,Washington,NE
68966,Washington,NE
68971,Washington,NE
68972,Washington,NE
68785,Waterbury,NE
68069,Waterloo,NE
69045,Wauneta,NE
68786,Wausa,NE
68462,Waverly,NE
68787,Wayne,NE
68825,Wayne,NE
69138,Wayne,NE
68463,"Weeping Water",NE
69170,Wellfleet,NE
68788,"West Point",NE
68464,Western,NE
68783,Western,NE
68881,Westerville,NE
68070,Weston,NE
69365,Whiteclay,NE
69366,Whitman,NE
69367,Whitney,NE
68465,Wilber,NE
68982,Wilcox,NE
69171,"Willow Island",NE
69046,Wilsonville,NE
68071,Winnebago,NE
68789,Winnetoon,NE
68790,Winside,NE
68031,Winslow,NE
68072,Winslow,NE
68791,Wisner,NE
68882,Wolbach,NE
69221,"Wood Lake",NE
68834,"Wood River",NE
68860,"Wood River",NE
68883,"Wood River",NE
68466,Wymore,NE
68792,Wynot,NE
68467,York,NE
68073,Yutan,NE
68301,"Adams (township)",NE
68358,"Adams (township)",NE
68718,Addison,NE
68730,Addison,NE
68949,Albany,NE
68966,Albany,NE
68967,Albany,NE
68601,Alexis,NE
68624,Alexis,NE
68814,Algernon,NE
68855,Algernon,NE
68920,"Alma (township)",NE
68966,"Alma (township)",NE
68971,"Alma (township)",NE
68020,Anderson,NE
68039,Anderson,NE
68055,Anderson,NE
68722,Anoka,NE
68814,"Ansley (township)",NE
68855,"Ansley (township)",NE
68763,Antelope,NE
68766,Antelope,NE
68920,Antelope,NE
68947,Antelope,NE
68949,Antelope,NE
68969,Antelope,NE
68981,Antelope,NE
68982,Antelope,NE
68815,"Arcadia (township)",NE
68828,"Arcadia (township)",NE
68862,"Arcadia (township)",NE
68825,"Arnold (township)",NE
69120,"Arnold (township)",NE
68929,"Ash Grove",NE
68947,"Ash Grove",NE
68960,"Ash Grove",NE
68982,"Ash Grove",NE
68003,"Ashland (township)",NE
68730,Aten,NE
68713,"Atkinson (township)",NE
68780,"Atkinson (township)",NE
68901,"Ayr (township)",NE
68925,"Ayr (township)",NE
68955,"Ayr (township)",NE
68973,"Ayr (township)",NE
68004,"Bancroft (township)",NE
68355,Barada,NE
68309,"Barneston (township)",NE
68466,"Barneston (township)",NE
68755,Basin,NE
68729,Bazile,NE
68769,Bazile,NE
68729,"Bazile Mills",NE
68638,Beaver,NE
68640,Beaver,NE
68660,Beaver,NE
68716,"Beemer (township)",NE
68791,"Beemer (township)",NE
68019,"Bell Creek",NE
68038,"Bell Creek",NE
68045,"Bell Creek",NE
68713,Belle,NE
68763,Belle,NE
68322,"Belle Prairie",NE
68361,"Belle Prairie",NE
68416,"Belle Prairie",NE
68444,"Belle Prairie",NE
69147,Belmar,NE
68361,Bennett,NE
68365,Bennett,NE
68979,Bennett,NE
69301,Berea,NE
68814,Berwyn,NE
68814,"Berwyn (township)",NE
68822,"Berwyn (township)",NE
68601,Bismark,NE
68633,Bismark,NE
68641,Bismark,NE
68716,Bismark,NE
68788,Bismark,NE
68791,Bismark,NE
68039,Blackbird,NE
68067,Blackbird,NE
68726,Blaine,NE
68756,Blaine,NE
68791,Blaine,NE
68845,Blaine,NE
68847,Blaine,NE
68901,Blaine,NE
68924,Blaine,NE
68941,Blaine,NE
68959,Blaine,NE
68310,Blakely,NE
68341,Blakely,NE
68318,"Blue Springs-wymore",NE
68466,"Blue Springs-wymore",NE
68036,Bohemia,NE
68648,Bohemia,NE
68783,Bohemia,NE
68014,"Bone Creek",NE
68036,"Bone Creek",NE
68624,"Bone Creek",NE
68632,"Bone Creek",NE
68739,"Bow Valley",NE
68719,"Bristow (township)",NE
68777,"Bristow (township)",NE
68822,"Broken Bow (township)",NE
68856,"Broken Bow (township)",NE
69166,Brownlee,NE
68047,Bryan,NE
68055,Bryan,NE
68062,Bryan,NE
68067,Bryan,NE
68761,Burnett,NE
68781,Burnett,NE
68642,Burrows,NE
68647,Burrows,NE
68653,Burrows,NE
68778,Burton,NE
68746,Bush,NE
68601,Butler,NE
68634,Butler,NE
68722,"Butte (township)",NE
68777,"Butte (township)",NE
68623,Cedar,NE
68636,Cedar,NE
68638,Cedar,NE
68761,Cedar,NE
68781,Cedar,NE
68628,Central,NE
68718,Central,NE
68729,Central,NE
68826,Central,NE
68138,Chalco,NE
68725,"Chambers (township)",NE
68763,"Chambers (township)",NE
68801,"Chapman (township)",NE
68826,"Chapman (township)",NE
68827,"Chapman (township)",NE
68361,Chelsea,NE
68406,Chelsea,NE
68416,Chelsea,NE
68444,Chelsea,NE
68710,Clark,NE
68732,Clark,NE
68628,Clarksville,NE
68663,Clarksville,NE
68826,Clarksville,NE
68328,"Clatonia (township)",NE
68341,"Clatonia (township)",NE
68465,"Clatonia (township)",NE
68003,"Clear Creek",NE
68042,"Clear Creek",NE
68636,"Clearwater (township)",NE
68726,"Clearwater (township)",NE
68004,Cleveland,NE
68047,Cleveland,NE
68718,Cleveland,NE
68729,Cleveland,NE
68780,Cleveland,NE
68791,Cleveland,NE
68813,Cliff,NE
68825,Cliff,NE
68856,Cliff,NE
69120,Cliff,NE
69343,Clinton,NE
68763,Coleman,NE
68777,Coleman,NE
68718,Columbia,NE
68729,Columbia,NE
68786,Columbia,NE
68601,"Columbus (township)",NE
68815,"Comstock (township)",NE
68828,"Comstock (township)",NE
68874,"Comstock (township)",NE
68710,"Concord (township)",NE
68728,"Concord (township)",NE
68732,"Concord (township)",NE
68784,"Concord (township)",NE
68725,Conley,NE
68735,Conley,NE
68874,Corner,NE
68642,Cornlea,NE
68959,Cosmo,NE
68835,Cotesfield,NE
68057,Cotterell,NE
68621,Cotterell,NE
68649,Cotterell,NE
68864,Cottonwood,NE
68950,Cottonwood,NE
68955,Cottonwood,NE
68973,Cottonwood,NE
68638,"Council Creek",NE
68640,"Council Creek",NE
68930,Cowles,NE
68729,"Creighton (township)",NE
68789,"Creighton (township)",NE
68631,"Creston (township)",NE
68643,"Creston (township)",NE
68031,Cuming,NE
68045,Cuming,NE
68057,Cuming,NE
68788,Cuming,NE
68873,Cushing,NE
68756,Custer,NE
68822,Custer,NE
68825,Custer,NE
68860,Custer,NE
68732,Daily,NE
68757,Daily,NE
68770,Daily,NE
68039,Dawes,NE
68055,Dawes,NE
68067,Dawes,NE
68825,Delight,NE
68726,Deloit,NE
68735,Deloit,NE
68901,Denver,NE
68955,Denver,NE
68718,Dolphin,NE
68730,Dolphin,NE
68814,"Douglas Grove",NE
68828,"Douglas Grove",NE
68874,"Douglas Grove",NE
68881,"Douglas Grove",NE
68718,Dowling,NE
68786,Dowling,NE
68713,Dustin,NE
68780,Dustin,NE
68929,"East Bloomington",NE
68939,"East Bloomington",NE
68822,"East Custer",NE
68730,Eastern,NE
68638,"East Newman",NE
68663,"East Newman",NE
68945,Eaton,NE
68959,Eaton,NE
68720,Eden,NE
68729,Eden,NE
68935,"Edgar (township)",NE
68938,"Edgar (township)",NE
68818,Eldorado,NE
68920,Eldorado,NE
68944,Eldorado,NE
68966,Eldorado,NE
68975,Eldorado,NE
68636,"Elgin (township)",NE
68825,Elim,NE
69120,Elim,NE
69138,Elim,NE
68040,Elk,NE
68050,Elk,NE
68070,Elk,NE
68310,Elm,NE
68342,Elm,NE
68415,Elm,NE
68756,Elm,NE
68761,Elm,NE
68781,Elm,NE
68710,"Emerson (township)",NE
68733,"Emerson (township)",NE
68785,"Emerson (township)",NE
68713,"Emmet (township)",NE
68734,"Emmet (township)",NE
68763,"Emmet (township)",NE
68031,Everett,NE
68038,Everett,NE
68057,Everett,NE
68735,"Ewing (township)",NE
68351,"Exeter-fairmont Consolidated",NE
68354,"Exeter-fairmont Consolidated",NE
68934,"Fairfield (township)",NE
68938,"Fairfield (township)",NE
68711,Fairview,NE
68713,Fairview,NE
68310,"Filley (township)",NE
68357,"Filley (township)",NE
68458,"Filley (township)",NE
68047,Flournoy,NE
68062,Flournoy,NE
68733,Flournoy,NE
68044,Fontanelle,NE
68765,Foster,NE
68713,Francis,NE
68730,Frankfort,NE
68726,Frenchtown,NE
68735,Frenchtown,NE
68623,"Fullerton (township)",NE
68638,"Fullerton (township)",NE
68710,Galena,NE
68770,Galena,NE
69163,Gandy,NE
68045,Garfield,NE
68726,Garfield,NE
68735,Garfield,NE
68764,Garfield,NE
68788,Garfield,NE
68822,Garfield,NE
68874,Garfield,NE
68632,Garrison,NE
68640,"Genoa (township)",NE
68361,Glengary,NE
68406,Glengary,NE
68416,Glengary,NE
68938,"Glenvil (township)",NE
68941,"Glenvil (township)",NE
68342,Glenwood,NE
68415,Glenwood,NE
68845,Glenwood,NE
68847,Glenwood,NE
68735,Golden,NE
68742,Golden,NE
68764,Golden,NE
68766,Golden,NE
68365,"Grafton (township)",NE
68979,"Grafton (township)",NE
68601,"Grand Prairie",NE
68631,"Grand Prairie",NE
68642,"Grand Prairie",NE
68653,"Grand Prairie",NE
68642,Granville,NE
68644,Granville,NE
68734,Grattan,NE
68763,Grattan,NE
68842,"Greeley Center",NE
68003,Green,NE
68017,Green,NE
68033,Green,NE
68713,"Green Valley",NE
68780,"Green Valley",NE
68719,Gross,NE
68322,Hamilton,NE
68361,Hamilton,NE
68436,Hamilton,NE
68444,Hamilton,NE
69040,Hamlet,NE
69045,Hamlet,NE
68301,Hanover,NE
68310,Hanover,NE
68331,Hanover,NE
68357,Hanover,NE
68422,Hanover,NE
68901,Hanover,NE
68925,Hanover,NE
68941,Hanover,NE
68377,Harbine,NE
68944,"Harvard (township)",NE
68813,Hayes,NE
68924,Hayes,NE
68959,Hayes,NE
69358,Henry,NE
68718,Herrick,NE
68730,Herrick,NE
68328,Highland,NE
68331,Highland,NE
68901,Highland,NE
68955,Highland,NE
68718,Hill,NE
68760,Hill,NE
68310,Holmesville,NE
68310,Holt,NE
68328,Holt,NE
68331,Holt,NE
68341,Holt,NE
68422,Holt,NE
68713,"Holt Creek",NE
68301,Hooker,NE
68357,Hooker,NE
68751,Hooker,NE
68757,Hooker,NE
68031,"Hooper (township)",NE
68044,"Hooper (township)",NE
68072,"Hooper (township)",NE
68820,"Howard City",NE
68631,"Humphrey (township)",NE
68642,"Humphrey (township)",NE
68971,Huntley,NE
68025,Inglewood,NE
68901,"Inland (township)",NE
68944,"Inland (township)",NE
68954,"Inland (township)",NE
68735,"Inman (township)",NE
68742,"Inman (township)",NE
68763,"Inman (township)",NE
68766,"Inman (township)",NE
68763,Iowa,NE
68766,Iowa,NE
68318,"Island Grove",NE
68381,"Island Grove",NE
68466,"Island Grove",NE
68729,Jefferson,NE
68783,Jefferson,NE
68789,Jefferson,NE
68640,Joliet,NE
68642,Joliet,NE
68644,Joliet,NE
68647,Joliet,NE
68711,Josie,NE
68379,Julian,NE
68955,"Juniata (township)",NE
68883,"Kenesaw (township)",NE
68955,"Kenesaw (township)",NE
68956,"Kenesaw (township)",NE
68813,Kilfoil,NE
68822,Kilfoil,NE
68825,Kilfoil,NE
68856,Kilfoil,NE
68064,"King Lake",NE
68735,Lake,NE
68601,Lakeview,NE
69023,Lamar,NE
68123,"La Platte",NE
68901,Leicester,NE
68944,Leicester,NE
68954,Leicester,NE
68980,Leicester,NE
68064,Leshara,NE
68025,"Leshara (township)",NE
68041,"Leshara (township)",NE
68064,"Leshara (township)",NE
68073,"Leshara (township)",NE
68933,Lewis,NE
68944,Lewis,NE
68975,Lewis,NE
68979,Lewis,NE
68309,"Liberty (township)",NE
68381,"Liberty (township)",NE
68466,"Liberty (township)",NE
68822,Lillian,NE
68874,Lillian,NE
68718,Lindy,NE
68001,"Linwood (township)",NE
68014,"Linwood (township)",NE
68036,"Linwood (township)",NE
68925,"Little Blue",NE
68930,"Little Blue",NE
68941,"Little Blue",NE
68004,Logan,NE
68031,Logan,NE
68038,Logan,NE
68063,Logan,NE
68310,Logan,NE
68357,Logan,NE
68452,Logan,NE
68636,Logan,NE
68716,Logan,NE
68728,Logan,NE
68729,Logan,NE
68764,Logan,NE
68783,Logan,NE
68784,Logan,NE
68787,Logan,NE
68788,Logan,NE
68789,Logan,NE
68928,Logan,NE
68932,Logan,NE
68935,Logan,NE
68950,Logan,NE
68959,Logan,NE
68973,Logan,NE
68816,"Lone Tree",NE
68826,"Lone Tree",NE
68827,"Lone Tree",NE
68854,"Lone Tree",NE
68933,"Lone Tree",NE
68938,"Lone Tree",NE
69162,Lorenzo,NE
68620,Loretto,NE
68601,"Lost Creek",NE
68647,"Lost Creek",NE
68653,"Lost Creek",NE
68601,Loup,NE
68814,Loup,NE
68816,Loup,NE
68822,Loup,NE
68834,Loup,NE
68855,Loup,NE
68860,Loup,NE
68864,Loup,NE
68878,Loup,NE
68623,"Loup Ferry",NE
68638,"Loup Ferry",NE
68864,"Loup Ferry",NE
68840,Lowell,NE
68945,Lowell,NE
68956,Lowell,NE
68959,Lowell,NE
68371,Lushton,NE
68746,"Lynch (township)",NE
68901,Lynn,NE
68933,Lynn,NE
68944,Lynn,NE
68929,Macon,NE
68939,Macon,NE
68947,Macon,NE
68981,Macon,NE
68025,Maple,NE
68031,Maple,NE
68621,Maple,NE
68649,Maple,NE
68003,Marble,NE
68041,Marble,NE
68073,Marble,NE
68018,Marietta,NE
68041,Marietta,NE
68066,Marietta,NE
68939,Marion,NE
68972,Marion,NE
68981,Marion,NE
68018,Mariposa,NE
68040,Mariposa,NE
68050,Mariposa,NE
68066,Mariposa,NE
68070,Mariposa,NE
68933,Marshall,NE
68935,Marshall,NE
68938,Marshall,NE
69146,Martin,NE
68770,Martinsburg,NE
68945,May,NE
68959,May,NE
68735,Mcclure,NE
68763,Mcclure,NE
69001,Mccook,NE
68401,"Mccool Junction",NE
68722,Mcculley,NE
68755,Mcculley,NE
68047,Merry,NE
68062,Merry,NE
68067,Merry,NE
68071,Merry,NE
68733,Merry,NE
68310,Midland,NE
68816,Midland,NE
68826,Midland,NE
68813,Milburn,NE
68874,Milburn,NE
68924,Mirage,NE
68959,Mirage,NE
68361,Momence,NE
68365,Momence,NE
68436,Momence,NE
68979,Momence,NE
68746,Monowi,NE
68640,"Monroe (township)",NE
68647,"Monroe (township)",NE
68633,Monterey,NE
68788,Monterey,NE
68015,"Morse Bluff (township)",NE
68648,"Morse Bluff (township)",NE
68718,Morton,NE
68719,Morton,NE
68777,Morton,NE
68786,Morton,NE
68920,Mullally,NE
68971,Mullally,NE
68814,Myrtle,NE
68815,Myrtle,NE
68726,"Neligh (township)",NE
68756,"Neligh (township)",NE
68761,"Neligh (township)",NE
68840,Newark,NE
68847,Newark,NE
68959,Newark,NE
68757,"Newcastle (township)",NE
68770,"Newcastle (township)",NE
68065,Newman,NE
68070,Newman,NE
68025,"Nickerson (township)",NE
68031,"Nickerson (township)",NE
68044,"Nickerson (township)",NE
68760,"Niobrara (township)",NE
68961,Nora,NE
68959,Norman,NE
68015,"North Cedar",NE
68730,"North Frankfort",NE
68932,"North Franklin",NE
68981,"North Franklin",NE
68859,"North Loup (township)",NE
68862,"North Loup (township)",NE
68065,"Oak Creek",NE
68626,"Oak Creek",NE
68636,"Oakdale (township)",NE
68756,"Oakdale (township)",NE
68761,"Oakdale (township)",NE
68038,"Oakland (township)",NE
68045,"Oakland (township)",NE
68757,Obert,NE
68601,Oconee,NE
68640,Oconee,NE
68647,Oconee,NE
68653,Oconee,NE
68632,Octavia,NE
68005,"Offutt Afb",NE
68113,"Offutt Afb",NE
68123,"Offutt Afb",NE
68624,Olive,NE
68632,Olive,NE
68658,Olive,NE
68924,Oneida,NE
68982,Oneida,NE
68763,O'neill,NE
68862,"Ord (township)",NE
68920,"Orleans (township)",NE
68966,"Orleans (township)",NE
68710,Ottercreek,NE
68770,Ottercreek,NE
68785,Ottercreek,NE
68854,Overland,NE
68415,Paddock,NE
68466,Paddock,NE
68746,Paddock,NE
68763,Paddock,NE
68777,Paddock,NE
68057,Pebble,NE
68664,Pebble,NE
68047,"Pender (township)",NE
68062,"Pender (township)",NE
68718,Peoria,NE
68047,Perry,NE
68062,Perry,NE
68733,Perry,NE
68045,Pershing,NE
68025,Platte,NE
68036,Platte,NE
68621,Platte,NE
68649,Platte,NE
68057,"Pleasant Valley",NE
68633,"Pleasant Valley",NE
68649,"Pleasant Valley",NE
68713,"Pleasant View",NE
68626,"Plum Creek",NE
68632,"Plum Creek",NE
68635,"Plum Creek",NE
68669,"Plum Creek",NE
68015,Pohocco,NE
68018,Pohocco,NE
68025,Pohocco,NE
68041,Pohocco,NE
68770,"Ponca (township)",NE
68869,Poole,NE
68638,"Prairie Creek",NE
68640,"Prairie Creek",NE
68663,"Prairie Creek",NE
68801,"Prairie Creek",NE
68816,"Prairie Creek",NE
68826,"Prairie Creek",NE
68827,"Prairie Creek",NE
68864,"Prairie Creek",NE
68872,"Prairie Creek",NE
68920,"Prairie Dog",NE
68971,"Prairie Dog",NE
68628,"Prairie Island",NE
68826,"Prairie Island",NE
68846,"Prairie Island",NE
68355,Preston,NE
68883,Prosser,NE
68020,Quinnebaugh,NE
68652,Raeville,NE
68127,Ralston,NE
68658,Read,NE
68667,Read,NE
68669,Read,NE
68658,Reading,NE
68971,"Republican City (township)",NE
68920,Reuben,NE
68949,Reuben,NE
68966,Reuben,NE
68967,Reuben,NE
68626,Richardson,NE
68635,Richardson,NE
68046,Richfield,NE
68059,Richfield,NE
68017,Richland,NE
68033,Richland,NE
68066,Richland,NE
68601,Richland,NE
68057,Ridgeley,NE
68649,Ridgeley,NE
68310,Riverside,NE
68017,"Rock Creek",NE
68065,"Rock Creek",NE
68066,"Rock Creek",NE
68070,"Rock Creek",NE
68763,"Rock Falls",NE
68310,Rockford,NE
68318,Rockford,NE
69153,Roscoe,NE
68955,"Roseland (township)",NE
68973,"Roseland (township)",NE
68720,"Royal (township)",NE
68726,"Royal (township)",NE
68764,"Royal (township)",NE
68773,"Royal (township)",NE
68822,Ryno,NE
68825,Ryno,NE
68713,"Sand Creek",NE
68780,"Sand Creek",NE
68760,Santee,NE
68966,Sappa,NE
68967,Sappa,NE
68977,Sappa,NE
68713,Saratoga,NE
68763,Saratoga,NE
69155,Sarben,NE
68828,"Sargent (township)",NE
68874,"Sargent (township)",NE
68624,Savannah,NE
68632,Savannah,NE
68920,Scandinavia,NE
68949,Scandinavia,NE
68966,Scandinavia,NE
68969,Scandinavia,NE
68975,"School Creek",NE
68979,"School Creek",NE
68746,Scott,NE
68763,Scott,NE
68725,Shamrock,NE
68763,Shamrock,NE
68601,"Shell Creek",NE
68653,"Shell Creek",NE
68711,Sheridan,NE
68713,Sheridan,NE
68933,Sheridan,NE
68935,Sheridan,NE
68979,Sheridan,NE
68310,Sherman,NE
68318,Sherman,NE
68381,Sherman,NE
68458,Sherman,NE
68601,Sherman,NE
68631,Sherman,NE
68643,Sherman,NE
68764,Sherman,NE
68773,Sherman,NE
68788,Sherman,NE
68924,Sherman,NE
68959,Sherman,NE
68713,Shields,NE
68734,Shields,NE
68763,Shields,NE
68771,Sholes,NE
68310,Sicily,NE
68318,Sicily,NE
68415,Sicily,NE
68466,Sicily,NE
68757,Silvercreek,NE
68770,Silvercreek,NE
68628,"Silver Creek (township)",NE
68663,"Silver Creek (township)",NE
68925,"Silver Lake",NE
68928,"Silver Lake",NE
68930,"Silver Lake",NE
68973,"Silver Lake",NE
68014,"Skull Creek",NE
68626,"Skull Creek",NE
68632,"Skull Creek",NE
68623,"South Branch",NE
68015,"South Cedar",NE
68018,"South Cedar",NE
68040,"South Cedar",NE
68724,Spade,NE
68760,Spade,NE
68760,Sparta,NE
68783,Sparta,NE
68722,"Spencer (township)",NE
68777,"Spencer (township)",NE
68710,Springbank,NE
68728,Springbank,NE
68733,Springbank,NE
68815,"Spring Creek",NE
68828,"Spring Creek",NE
68881,"Spring Creek",NE
68967,"Spring Grove",NE
68934,"Spring Ranch",NE
68938,"Spring Ranch",NE
68941,"Spring Ranch",NE
68642,"St. Bernard",NE
68644,"St. Bernard",NE
68788,"St. Charles",NE
68660,"St. Edward",NE
68746,"Steel Creek",NE
68763,"Steel Creek",NE
68774,"St. Helena",NE
68872,"St. Libory",NE
68818,Stockham,NE
68066,Stocking,NE
68873,"St. Paul",NE
68780,"Stuart (township)",NE
68019,Summit,NE
68029,Summit,NE
68061,Summit,NE
68624,Summit,NE
68632,Summit,NE
68658,Summit,NE
68662,Summit,NE
69149,Sunol,NE
69162,Sunol,NE
68975,"Sutton (township)",NE
68979,"Sutton (township)",NE
68711,Swan,NE
68434,Tamora,NE
68642,Tarnov,NE
69341,Terrytown,NE
68047,Thayer,NE
68062,Thayer,NE
68460,Thayer,NE
68623,"Timber Creek",NE
68638,"Timber Creek",NE
68825,Triumph,NE
69120,Triumph,NE
68920,"Turkey Creek",NE
68939,"Turkey Creek",NE
68960,"Turkey Creek",NE
68971,"Turkey Creek",NE
68632,"Ulysses (township)",NE
68667,"Ulysses (township)",NE
68669,"Ulysses (township)",NE
68069,Venice,NE
68760,Verdel,NE
68783,"Verdigre (township)",NE
68789,"Verdigre (township)",NE
68720,Verdigris,NE
68742,Verdigris,NE
68766,Verdigris,NE
68773,Verdigris,NE
68883,Verona,NE
68955,Verona,NE
68956,Verona,NE
68813,Victoria,NE
68822,Victoria,NE
68856,Victoria,NE
68801,Vieregg,NE
68827,Vieregg,NE
68865,Vieregg,NE
68003,"Wahoo (township)",NE
68033,"Wahoo (township)",NE
68041,"Wahoo (township)",NE
68066,"Wahoo (township)",NE
68710,"Wakefield (township)",NE
68733,"Wakefield (township)",NE
68784,"Wakefield (township)",NE
68644,Walker,NE
68660,Walker,NE
68758,Walker,NE
68764,"Walnut Grove",NE
68783,"Walnut Grove",NE
68950,Wanda,NE
68955,Wanda,NE
68956,Wanda,NE
68003,Wann,NE
68057,Webster,NE
68633,Webster,NE
68664,Webster,NE
68354,"West Blue",NE
68365,"West Blue",NE
68901,"West Blue",NE
68980,"West Blue",NE
68814,"Westerville (township)",NE
68815,"Westerville (township)",NE
68822,"Westerville (township)",NE
68874,"Westerville (township)",NE
68881,"Westerville (township)",NE
68638,"West Newman",NE
68864,"West Newman",NE
68874,"West Union",NE
69365,"White Clay",NE
68756,Willow,NE
68781,Willow,NE
68746,Willowdale,NE
68763,Willowdale,NE
68067,"Winnebago (township)",NE
68071,"Winnebago (township)",NE
68791,"Wisner (township)",NE
68347,"Woodland Hills",NE
68701,"Woodland Park",NE
68640,Woodville,NE
68660,Woodville,NE
68711,Wyoming,NE
68713,Wyoming,NE
68725,Wyoming,NE
68522,"Yankee Hill",NE
68523,"Yankee Hill",NE
68925,Zero,NE
68930,Zero,NE
