zipcode,city,state
32615,Alachua,FL
32616,Alachua,FL
32643,Alachua,FL
32653,Alachua,FL
32420,Alford,FL
32701,"Altamonte Springs",FL
32714,"Altamonte Springs",FL
32715,"Altamonte Springs",FL
32716,"Altamonte Springs",FL
32751,"Altamonte Springs",FL
32421,Altha,FL
32702,Altoona,FL
33830,Alturas,FL
33841,Alturas,FL
33859,Alturas,FL
33920,Alva,FL
34216,"Anna Maria",FL
32617,Anthony,FL
32320,Apalachicola,FL
32329,Apalachicola,FL
33534,"Apollo Beach",FL
33570,"Apollo Beach",FL
33572,"Apollo Beach",FL
33573,"Apollo Beach",FL
32703,Apopka,FL
32704,Apopka,FL
32712,Apopka,FL
32768,Apopka,FL
32776,Apopka,FL
34265,Arcadia,FL
34266,Arcadia,FL
32618,Archer,FL
32422,Argyle,FL
34607,Aripeka,FL
34667,Aripeka,FL
34679,Aripeka,FL
32778,Astatula,FL
34705,Astatula,FL
32102,Astor,FL
32233,"Atlantic Beach",FL
33823,Auburndale,FL
33850,Auburndale,FL
33868,Auburndale,FL
33880,Auburndale,FL
33881,Auburndale,FL
33825,"Avon Park",FL
33826,"Avon Park",FL
33827,"Babson Park",FL
32530,Bagdad,FL
32583,Bagdad,FL
32531,Baker,FL
33503,Balm,FL
33579,Balm,FL
33598,Balm,FL
32105,Barberville,FL
33830,Bartow,FL
33831,Bartow,FL
33880,Bartow,FL
32423,Bascom,FL
33708,"Bay Pines",FL
33744,"Bay Pines",FL
33772,"Bay Pines",FL
32619,Bell,FL
33430,"Belle Glade",FL
33786,"Belleair Beach",FL
34420,Belleview,FL
34421,Belleview,FL
34464,"Beverly Hills",FL
34465,"Beverly Hills",FL
33043,"Big Pine Key",FL
32424,Blountstown,FL
33921,"Boca Grande",FL
33427,"Boca Raton",FL
33429,"Boca Raton",FL
33431,"Boca Raton",FL
33432,"Boca Raton",FL
33433,"Boca Raton",FL
33434,"Boca Raton",FL
33481,"Boca Raton",FL
33486,"Boca Raton",FL
33487,"Boca Raton",FL
33488,"Boca Raton",FL
33496,"Boca Raton",FL
33497,"Boca Raton",FL
33499,"Boca Raton",FL
33922,Bokeelia,FL
33945,Bokeelia,FL
32425,Bonifay,FL
33928,"Bonita Springs",FL
33931,"Bonita Springs",FL
34110,"Bonita Springs",FL
34119,"Bonita Springs",FL
34133,"Bonita Springs",FL
34134,"Bonita Springs",FL
34135,"Bonita Springs",FL
34136,"Bonita Springs",FL
32007,Bostwick,FL
33834,"Bowling Green",FL
33424,"Boynton Beach",FL
33425,"Boynton Beach",FL
33426,"Boynton Beach",FL
33435,"Boynton Beach",FL
33436,"Boynton Beach",FL
33474,"Boynton Beach",FL
33483,"Boynton Beach",FL
34204,Bradenton,FL
34205,Bradenton,FL
34206,Bradenton,FL
34208,Bradenton,FL
34209,Bradenton,FL
34210,Bradenton,FL
34280,Bradenton,FL
34281,Bradenton,FL
34282,Bradenton,FL
34217,"Bradenton Beach",FL
33835,Bradley,FL
33508,Brandon,FL
33509,Brandon,FL
33510,Brandon,FL
33511,Brandon,FL
33527,Brandon,FL
33578,Brandon,FL
33584,Brandon,FL
33594,Brandon,FL
33596,Brandon,FL
33619,Brandon,FL
32008,Branford,FL
32321,Bristol,FL
32621,Bronson,FL
32622,Brooker,FL
34601,Brooksville,FL
34603,Brooksville,FL
34604,Brooksville,FL
34605,Brooksville,FL
33438,Bryant,FL
32009,Bryceville,FL
32110,Bunnell,FL
32164,Bunnell,FL
32174,Bunnell,FL
33513,Bushnell,FL
33538,Bushnell,FL
33585,Bushnell,FL
33597,Bushnell,FL
32011,Callahan,FL
32426,Campbellton,FL
33438,"Canal Point",FL
33476,"Canal Point",FL
32111,Candler,FL
32533,Cantonment,FL
32920,"Cape Canaveral",FL
33903,"Cape Coral",FL
33904,"Cape Coral",FL
33909,"Cape Coral",FL
33910,"Cape Coral",FL
33914,"Cape Coral",FL
33915,"Cape Coral",FL
33955,"Cape Coral",FL
33990,"Cape Coral",FL
33991,"Cape Coral",FL
33993,"Cape Coral",FL
33924,Captiva,FL
32322,Carrabelle,FL
32427,Caryville,FL
32706,Cassadaga,FL
32701,Casselberry,FL
32707,Casselberry,FL
32708,Casselberry,FL
32718,Casselberry,FL
32730,Casselberry,FL
32751,Casselberry,FL
32792,Casselberry,FL
32625,"Cedar Key",FL
33514,"Center Hill",FL
33597,"Center Hill",FL
32535,Century,FL
32324,Chattahoochee,FL
32626,Chiefland,FL
32644,Chiefland,FL
32428,Chipley,FL
34138,Chokoloskee,FL
32709,Christmas,FL
32113,Citra,FL
32703,Clarcona,FL
32810,Clarcona,FL
32818,Clarcona,FL
34761,Clarcona,FL
32430,Clarksville,FL
33755,Clearwater,FL
33767,"Clearwater Beach",FL
34711,Clermont,FL
34712,Clermont,FL
34713,Clermont,FL
34715,Clermont,FL
33440,Clewiston,FL
32922,Cocoa,FL
32923,Cocoa,FL
32924,Cocoa,FL
32926,Cocoa,FL
32931,"Cocoa Beach",FL
32932,"Cocoa Beach",FL
33521,Coleman,FL
33538,Coleman,FL
33585,Coleman,FL
34785,Coleman,FL
34137,Copeland,FL
34210,Cortez,FL
34215,Cortez,FL
32431,Cottondale,FL
32448,Cottondale,FL
32326,Crawfordville,FL
32327,Crawfordville,FL
32112,"Crescent City",FL
32536,Crestview,FL
32539,Crestview,FL
32628,"Cross City",FL
34681,"Crystal Beach",FL
34423,"Crystal River",FL
34428,"Crystal River",FL
34429,"Crystal River",FL
34448,"Crystal River",FL
33524,"Crystal Springs",FL
33540,"Crystal Springs",FL
32432,Cypress,FL
33523,"Dade City",FL
33525,"Dade City",FL
33526,"Dade City",FL
33004,Dania,FL
33836,Davenport,FL
33837,Davenport,FL
33844,Davenport,FL
32013,Day,FL
32066,Day,FL
32114,"Daytona Beach",FL
32115,"Daytona Beach",FL
32116,"Daytona Beach",FL
32117,"Daytona Beach",FL
32118,"Daytona Beach",FL
32119,"Daytona Beach",FL
32120,"Daytona Beach",FL
32121,"Daytona Beach",FL
32122,"Daytona Beach",FL
32123,"Daytona Beach",FL
32124,"Daytona Beach",FL
32125,"Daytona Beach",FL
32126,"Daytona Beach",FL
32174,"Daytona Beach",FL
32198,"Daytona Beach",FL
32130,"De Leon Springs",FL
32720,"De Leon Springs",FL
32713,Debary,FL
32753,Debary,FL
33064,"Deerfield Beach",FL
33073,"Deerfield Beach",FL
33441,"Deerfield Beach",FL
33442,"Deerfield Beach",FL
33443,"Deerfield Beach",FL
32433,"Defuniak Springs",FL
32435,"Defuniak Springs",FL
32720,Deland,FL
32721,Deland,FL
32723,Deland,FL
32724,Deland,FL
33444,"Delray Beach",FL
33445,"Delray Beach",FL
33448,"Delray Beach",FL
33482,"Delray Beach",FL
33483,"Delray Beach",FL
33484,"Delray Beach",FL
32725,Deltona,FL
32728,Deltona,FL
32738,Deltona,FL
32739,Deltona,FL
32764,Deltona,FL
32540,Destin,FL
32541,Destin,FL
32030,"Doctors Inlet",FL
33527,Dover,FL
33838,Dundee,FL
33844,Dundee,FL
33859,Dundee,FL
33877,Dundee,FL
33884,Dundee,FL
33898,Dundee,FL
33763,Dunedin,FL
33767,Dunedin,FL
34683,Dunedin,FL
34697,Dunedin,FL
34698,Dunedin,FL
34430,Dunnellon,FL
34431,Dunnellon,FL
34432,Dunnellon,FL
33530,Durant,FL
33839,"Eagle Lake",FL
33880,"Eagle Lake",FL
32631,Earleton,FL
32131,"East Palatka",FL
32133,"Eastlake Weir",FL
32328,Eastpoint,FL
33840,"Eaton Park",FL
32437,Ebro,FL
32640,Edgar,FL
32132,Edgewater,FL
32141,Edgewater,FL
32168,Edgewater,FL
32542,"Eglin Afb",FL
33927,"El Jobean",FL
34652,Elfers,FL
34653,Elfers,FL
34680,Elfers,FL
34690,Elfers,FL
32033,Elkton,FL
34221,Ellenton,FL
34222,Ellenton,FL
34223,Englewood,FL
34224,Englewood,FL
34295,Englewood,FL
33928,Estero,FL
33929,Estero,FL
33967,Estero,FL
34134,Estero,FL
34135,Estero,FL
32726,Eustis,FL
32727,Eustis,FL
32735,Eustis,FL
32736,Eustis,FL
32757,Eustis,FL
32784,Eustis,FL
34139,"Everglades City",FL
32633,Evinston,FL
32634,Fairfield,FL
33854,Fedhaven,FL
33930,Felda,FL
32948,Fellsmere,FL
32958,Fellsmere,FL
32966,Fellsmere,FL
32967,Fellsmere,FL
32034,"Fernandina Beach",FL
32035,"Fernandina Beach",FL
32097,"Fernandina Beach",FL
34715,Ferndale,FL
34729,Ferndale,FL
32136,"Flagler Beach",FL
32003,"Fleming Island",FL
32006,"Fleming Island",FL
32073,"Fleming Island",FL
32140,Florahome,FL
34436,"Floral City",FL
33301,"Fort Lauderdale",FL
33302,"Fort Lauderdale",FL
33303,"Fort Lauderdale",FL
33304,"Fort Lauderdale",FL
33305,"Fort Lauderdale",FL
33306,"Fort Lauderdale",FL
33307,"Fort Lauderdale",FL
33308,"Fort Lauderdale",FL
33309,"Fort Lauderdale",FL
33310,"Fort Lauderdale",FL
33311,"Fort Lauderdale",FL
33312,"Fort Lauderdale",FL
33315,"Fort Lauderdale",FL
33316,"Fort Lauderdale",FL
33318,"Fort Lauderdale",FL
33320,"Fort Lauderdale",FL
33329,"Fort Lauderdale",FL
33334,"Fort Lauderdale",FL
33335,"Fort Lauderdale",FL
33336,"Fort Lauderdale",FL
33337,"Fort Lauderdale",FL
33338,"Fort Lauderdale",FL
33339,"Fort Lauderdale",FL
33340,"Fort Lauderdale",FL
33345,"Fort Lauderdale",FL
33346,"Fort Lauderdale",FL
33348,"Fort Lauderdale",FL
33349,"Fort Lauderdale",FL
33355,"Fort Lauderdale",FL
33359,"Fort Lauderdale",FL
32134,"Fort Mc Coy",FL
33830,"Fort Meade",FL
33841,"Fort Meade",FL
33847,"Fort Meade",FL
33901,"Fort Myers",FL
33902,"Fort Myers",FL
33903,"Fort Myers",FL
33905,"Fort Myers",FL
33906,"Fort Myers",FL
33907,"Fort Myers",FL
33911,"Fort Myers",FL
33912,"Fort Myers",FL
33913,"Fort Myers",FL
33916,"Fort Myers",FL
33917,"Fort Myers",FL
33918,"Fort Myers",FL
33919,"Fort Myers",FL
33965,"Fort Myers",FL
33966,"Fort Myers",FL
33971,"Fort Myers",FL
33990,"Fort Myers",FL
33994,"Fort Myers",FL
33908,"Fort Myers Beach",FL
33931,"Fort Myers Beach",FL
33932,"Fort Myers Beach",FL
34267,"Fort Ogden",FL
34945,"Fort Pierce",FL
34946,"Fort Pierce",FL
34947,"Fort Pierce",FL
34948,"Fort Pierce",FL
34949,"Fort Pierce",FL
34950,"Fort Pierce",FL
34954,"Fort Pierce",FL
34979,"Fort Pierce",FL
34981,"Fort Pierce",FL
34982,"Fort Pierce",FL
32547,"Fort Walton Beach",FL
32548,"Fort Walton Beach",FL
32038,"Fort White",FL
32438,Fountain,FL
32435,Freeport,FL
32439,Freeport,FL
33827,Frostproof,FL
33843,Frostproof,FL
34731,"Fruitland Park",FL
34748,"Fruitland Park",FL
32601,Gainesville,FL
32602,Gainesville,FL
32603,Gainesville,FL
32604,Gainesville,FL
32605,Gainesville,FL
32606,Gainesville,FL
32607,Gainesville,FL
32608,Gainesville,FL
32609,Gainesville,FL
32610,Gainesville,FL
32611,Gainesville,FL
32612,Gainesville,FL
32613,Gainesville,FL
32614,Gainesville,FL
32627,Gainesville,FL
32635,Gainesville,FL
32641,Gainesville,FL
32653,Gainesville,FL
32667,Gainesville,FL
32732,Geneva,FL
32139,Georgetown,FL
33534,Gibsonton,FL
33572,Gibsonton,FL
33578,Gibsonton,FL
32040,"Glen Saint Mary",FL
32722,Glenwood,FL
32733,Goldenrod,FL
32792,Goldenrod,FL
32817,Goldenrod,FL
32533,Gonzalez,FL
32534,Gonzalez,FL
32560,Gonzalez,FL
34140,Goodland,FL
34734,Gotha,FL
34786,Gotha,FL
32440,Graceville,FL
32042,Graham,FL
32735,"Grand Island",FL
32442,"Grand Ridge",FL
32138,Grandin,FL
32949,Grant,FL
32043,"Green Cove Springs",FL
32330,Greensboro,FL
32351,Greensboro,FL
32331,Greenville,FL
32443,Greenwood,FL
32332,Gretna,FL
32351,Gretna,FL
32352,Gretna,FL
34711,Groveland,FL
34715,Groveland,FL
34736,Groveland,FL
34737,Groveland,FL
32561,"Gulf Breeze",FL
32562,"Gulf Breeze",FL
32639,"Gulf Hammock",FL
33837,"Haines City",FL
33844,"Haines City",FL
33845,"Haines City",FL
33008,Hallandale,FL
32044,Hampton,FL
32145,Hastings,FL
32333,Havana,FL
32640,Hawthorne,FL
34434,Hernando,FL
34442,Hernando,FL
34445,Hernando,FL
34453,Hernando,FL
33002,Hialeah,FL
33010,Hialeah,FL
33011,Hialeah,FL
33012,Hialeah,FL
33013,Hialeah,FL
33014,Hialeah,FL
33016,Hialeah,FL
33017,Hialeah,FL
33018,Hialeah,FL
33142,Hialeah,FL
33147,Hialeah,FL
32615,"High Springs",FL
32643,"High Springs",FL
32655,"High Springs",FL
33812,"Highland City",FL
33813,"Highland City",FL
33830,"Highland City",FL
33846,"Highland City",FL
32011,Hilliard,FL
32046,Hilliard,FL
33455,"Hobe Sound",FL
33475,"Hobe Sound",FL
34445,Holder,FL
34690,Holiday,FL
34691,Holiday,FL
34692,Holiday,FL
32147,Hollister,FL
33004,Hollywood,FL
33019,Hollywood,FL
33020,Hollywood,FL
33021,Hollywood,FL
33022,Hollywood,FL
33023,Hollywood,FL
33024,Hollywood,FL
33081,Hollywood,FL
33083,Hollywood,FL
33312,Hollywood,FL
33314,Hollywood,FL
33316,Hollywood,FL
34217,"Holmes Beach",FL
34218,"Holmes Beach",FL
32564,Holt,FL
33830,Homeland,FL
33847,Homeland,FL
33030,Homestead,FL
33033,Homestead,FL
33034,Homestead,FL
33035,Homestead,FL
33039,Homestead,FL
33090,Homestead,FL
33092,Homestead,FL
34446,Homosassa,FL
34448,Homosassa,FL
34487,Homosassa,FL
34429,"Homosassa Springs",FL
34446,"Homosassa Springs",FL
34447,"Homosassa Springs",FL
34448,"Homosassa Springs",FL
34461,"Homosassa Springs",FL
32648,"Horseshoe Beach",FL
32334,Hosford,FL
34737,"Howey In The Hills",FL
34667,Hudson,FL
34674,Hudson,FL
32544,"Hurlburt Field",FL
34120,Immokalee,FL
34142,Immokalee,FL
34143,Immokalee,FL
32903,Indialantic,FL
33855,"Indian Lake Estates",FL
33785,"Indian Rocks Beach",FL
34956,Indiantown,FL
34449,Inglis,FL
33848,"Intercession City",FL
32148,Interlachen,FL
32149,Interlachen,FL
34450,Inverness,FL
34451,Inverness,FL
34452,Inverness,FL
34453,Inverness,FL
33036,Islamorada,FL
33070,Islamorada,FL
32654,"Island Grove",FL
34601,Istachatta,FL
34636,Istachatta,FL
32073,Jacksonville,FL
32201,Jacksonville,FL
32202,Jacksonville,FL
32203,Jacksonville,FL
32204,Jacksonville,FL
32205,Jacksonville,FL
32206,Jacksonville,FL
32207,Jacksonville,FL
32208,Jacksonville,FL
32209,Jacksonville,FL
32210,Jacksonville,FL
32211,Jacksonville,FL
32212,Jacksonville,FL
32214,Jacksonville,FL
32215,Jacksonville,FL
32216,Jacksonville,FL
32217,Jacksonville,FL
32218,Jacksonville,FL
32219,Jacksonville,FL
32220,Jacksonville,FL
32221,Jacksonville,FL
32222,Jacksonville,FL
32223,Jacksonville,FL
32224,Jacksonville,FL
32225,Jacksonville,FL
32226,Jacksonville,FL
32227,Jacksonville,FL
32228,Jacksonville,FL
32229,Jacksonville,FL
32230,Jacksonville,FL
32231,Jacksonville,FL
32232,Jacksonville,FL
32233,Jacksonville,FL
32234,Jacksonville,FL
32235,Jacksonville,FL
32236,Jacksonville,FL
32237,Jacksonville,FL
32238,Jacksonville,FL
32239,Jacksonville,FL
32241,Jacksonville,FL
32244,Jacksonville,FL
32245,Jacksonville,FL
32246,Jacksonville,FL
32247,Jacksonville,FL
32250,Jacksonville,FL
32254,Jacksonville,FL
32255,Jacksonville,FL
32256,Jacksonville,FL
32257,Jacksonville,FL
32258,Jacksonville,FL
32260,Jacksonville,FL
32277,Jacksonville,FL
32290,Jacksonville,FL
32240,"Jacksonville Beach",FL
32250,"Jacksonville Beach",FL
32052,Jasper,FL
32565,Jay,FL
32053,Jennings,FL
34957,"Jensen Beach",FL
34958,"Jensen Beach",FL
34994,"Jensen Beach",FL
34996,"Jensen Beach",FL
33410,Jupiter,FL
33418,Jupiter,FL
33458,Jupiter,FL
33468,Jupiter,FL
33469,Jupiter,FL
33477,Jupiter,FL
33478,Jupiter,FL
33810,Kathleen,FL
34739,Kenansville,FL
33149,"Key Biscayne",FL
33051,"Key Colony Beach",FL
33037,"Key Largo",FL
33070,"Key Largo",FL
33040,"Key West",FL
33041,"Key West",FL
33045,"Key West",FL
32656,"Keystone Heights",FL
34740,Killarney,FL
32449,Kinard,FL
34741,Kissimmee,FL
34742,Kissimmee,FL
34743,Kissimmee,FL
34744,Kissimmee,FL
34745,Kissimmee,FL
34746,Kissimmee,FL
32609,"La Crosse",FL
32622,"La Crosse",FL
32658,"La Crosse",FL
33935,Labelle,FL
33975,Labelle,FL
33523,Lacoochee,FL
33537,Lacoochee,FL
32158,"Lady Lake",FL
32159,"Lady Lake",FL
32195,"Lady Lake",FL
33844,"Lake Alfred",FL
33850,"Lake Alfred",FL
33881,"Lake Alfred",FL
32054,"Lake Butler",FL
32819,"Lake Butler",FL
34786,"Lake Butler",FL
34787,"Lake Butler",FL
32024,"Lake City",FL
32025,"Lake City",FL
32055,"Lake City",FL
32056,"Lake City",FL
32157,"Lake Como",FL
32160,"Lake Geneva",FL
33838,"Lake Hamilton",FL
33844,"Lake Hamilton",FL
33851,"Lake Hamilton",FL
33881,"Lake Hamilton",FL
33440,"Lake Harbor",FL
33459,"Lake Harbor",FL
32744,"Lake Helen",FL
32746,"Lake Mary",FL
32795,"Lake Mary",FL
32799,"Lake Mary",FL
32747,"Lake Monroe",FL
33538,"Lake Panasoffkee",FL
33852,"Lake Placid",FL
33862,"Lake Placid",FL
33853,"Lake Wales",FL
33859,"Lake Wales",FL
33877,"Lake Wales",FL
33898,"Lake Wales",FL
33454,"Lake Worth",FL
33460,"Lake Worth",FL
33461,"Lake Worth",FL
33464,"Lake Worth",FL
33465,"Lake Worth",FL
33466,"Lake Worth",FL
33480,"Lake Worth",FL
33801,Lakeland,FL
33802,Lakeland,FL
33803,Lakeland,FL
33804,Lakeland,FL
33805,Lakeland,FL
33806,Lakeland,FL
33807,Lakeland,FL
33809,Lakeland,FL
33810,Lakeland,FL
33811,Lakeland,FL
33813,Lakeland,FL
33815,Lakeland,FL
33868,Lakeland,FL
32336,Lamont,FL
32344,Lamont,FL
32323,"Lanark Village",FL
34637,"Land O Lakes",FL
33756,Largo,FL
33760,Largo,FL
33762,Largo,FL
33764,Largo,FL
33770,Largo,FL
33771,Largo,FL
33773,Largo,FL
33774,Largo,FL
33778,Largo,FL
33779,Largo,FL
34229,Laurel,FL
34272,Laurel,FL
34275,Laurel,FL
32567,"Laurel Hill",FL
32058,Lawtey,FL
34429,Lecanto,FL
34442,Lecanto,FL
34446,Lecanto,FL
34448,Lecanto,FL
34460,Lecanto,FL
34461,Lecanto,FL
32059,Lee,FL
32340,Lee,FL
34736,Leesburg,FL
34748,Leesburg,FL
34749,Leesburg,FL
34762,Leesburg,FL
34788,Leesburg,FL
34789,Leesburg,FL
34797,Leesburg,FL
33905,"Lehigh Acres",FL
33913,"Lehigh Acres",FL
33920,"Lehigh Acres",FL
33936,"Lehigh Acres",FL
33970,"Lehigh Acres",FL
33971,"Lehigh Acres",FL
33972,"Lehigh Acres",FL
33973,"Lehigh Acres",FL
33974,"Lehigh Acres",FL
33976,"Lehigh Acres",FL
33547,Lithia,FL
32060,"Live Oak",FL
32064,"Live Oak",FL
32337,Lloyd,FL
32344,Lloyd,FL
32662,Lochloosa,FL
33001,"Long Key",FL
34210,"Longboat Key",FL
34228,"Longboat Key",FL
32707,Longwood,FL
32750,Longwood,FL
32752,Longwood,FL
32791,Longwood,FL
33857,Lorida,FL
33837,Loughman,FL
33858,Loughman,FL
33896,Loughman,FL
32663,Lowell,FL
33470,Loxahatchee,FL
32061,Lulu,FL
33548,Lutz,FL
33549,Lutz,FL
33558,Lutz,FL
33559,Lutz,FL
33647,Lutz,FL
32404,"Lynn Haven",FL
32405,"Lynn Haven",FL
32409,"Lynn Haven",FL
32444,"Lynn Haven",FL
32063,Macclenny,FL
32340,Madison,FL
32341,Madison,FL
32751,Maitland,FL
32789,Maitland,FL
32794,Maitland,FL
32810,Maitland,FL
32950,Malabar,FL
32445,Malone,FL
34260,Manasota,FL
33550,Mango,FL
33584,Mango,FL
33610,Mango,FL
33050,Marathon,FL
33050,"Marathon Shores",FL
34140,"Marco Island",FL
34145,"Marco Island",FL
34146,"Marco Island",FL
32446,Marianna,FL
32447,Marianna,FL
32448,Marianna,FL
32569,"Mary Esther",FL
34736,Mascotte,FL
34753,Mascotte,FL
32066,Mayo,FL
32062,"Mc Alpin",FL
32568,"Mc David",FL
32664,"Mc Intosh",FL
32901,Melbourne,FL
32902,Melbourne,FL
32903,Melbourne,FL
32904,Melbourne,FL
32912,Melbourne,FL
32919,Melbourne,FL
32934,Melbourne,FL
32935,Melbourne,FL
32936,Melbourne,FL
32937,Melbourne,FL
32940,Melbourne,FL
32941,Melbourne,FL
32951,"Melbourne Beach",FL
32666,Melrose,FL
32952,"Merritt Island",FL
32953,"Merritt Island",FL
32954,"Merritt Island",FL
32410,"Mexico Beach",FL
32456,"Mexico Beach",FL
33101,Miami,FL
33102,Miami,FL
33107,Miami,FL
33109,Miami,FL
33111,Miami,FL
33114,Miami,FL
33116,Miami,FL
33119,Miami,FL
33121,Miami,FL
33124,Miami,FL
33125,Miami,FL
33126,Miami,FL
33127,Miami,FL
33128,Miami,FL
33129,Miami,FL
33130,Miami,FL
33131,Miami,FL
33132,Miami,FL
33133,Miami,FL
33134,Miami,FL
33135,Miami,FL
33136,Miami,FL
33137,Miami,FL
33138,Miami,FL
33139,Miami,FL
33142,Miami,FL
33144,Miami,FL
33145,Miami,FL
33146,Miami,FL
33147,Miami,FL
33148,Miami,FL
33149,Miami,FL
33150,Miami,FL
33151,Miami,FL
33152,Miami,FL
33153,Miami,FL
33159,Miami,FL
33163,Miami,FL
33164,Miami,FL
33188,Miami,FL
33195,Miami,FL
33197,Miami,FL
33199,Miami,FL
33206,Miami,FL
33231,Miami,FL
33233,Miami,FL
33234,Miami,FL
33238,Miami,FL
33239,Miami,FL
33242,Miami,FL
33243,Miami,FL
33245,Miami,FL
33247,Miami,FL
33255,Miami,FL
33256,Miami,FL
33257,Miami,FL
33261,Miami,FL
33265,Miami,FL
33266,Miami,FL
33269,Miami,FL
33280,Miami,FL
33283,Miami,FL
33296,Miami,FL
33299,Miami,FL
33109,"Miami Beach",FL
33132,"Miami Beach",FL
33139,"Miami Beach",FL
33140,"Miami Beach",FL
33141,"Miami Beach",FL
32667,Micanopy,FL
32745,"Mid Florida",FL
32050,Middleburg,FL
32068,Middleburg,FL
32333,Midway,FL
32343,Midway,FL
32563,Midway,FL
32771,Midway,FL
32537,Milligan,FL
32570,Milton,FL
32572,Milton,FL
32583,Milton,FL
32754,Mims,FL
32796,Mims,FL
34711,Minneola,FL
34715,Minneola,FL
34755,Minneola,FL
34756,Minneola,FL
32459,"Miramar Beach",FL
32550,"Miramar Beach",FL
32533,Molino,FL
32577,Molino,FL
32344,Monticello,FL
32345,Monticello,FL
34756,Montverde,FL
33471,"Moore Haven",FL
32668,Morriston,FL
32434,"Mossy Head",FL
32736,"Mount Dora",FL
32756,"Mount Dora",FL
32757,"Mount Dora",FL
32778,"Mount Dora",FL
33813,Mulberry,FL
33830,Mulberry,FL
33860,Mulberry,FL
33938,Murdock,FL
34251,"Myakka City",FL
33856,Nalcrest,FL
34101,Naples,FL
34102,Naples,FL
34103,Naples,FL
34104,Naples,FL
34105,Naples,FL
34106,Naples,FL
34112,Naples,FL
32566,Navarre,FL
32266,"Neptune Beach",FL
34652,"New Port Richey",FL
34653,"New Port Richey",FL
34656,"New Port Richey",FL
34668,"New Port Richey",FL
32127,"New Smyrna Beach",FL
32168,"New Smyrna Beach",FL
32169,"New Smyrna Beach",FL
32170,"New Smyrna Beach",FL
32618,Newberry,FL
32643,Newberry,FL
32669,Newberry,FL
32578,Niceville,FL
32588,Niceville,FL
33863,Nichols,FL
34661,Nobleton,FL
32081,Nocatee,FL
32095,Nocatee,FL
34274,Nokomis,FL
34275,Nokomis,FL
32425,Noma,FL
32452,Noma,FL
33903,"North Fort Myers",FL
33909,"North Fort Myers",FL
33917,"North Fort Myers",FL
33160,"North Miami Beach",FL
33162,"North Miami Beach",FL
33169,"North Miami Beach",FL
33179,"North Miami Beach",FL
33181,"North Miami Beach",FL
33403,"North Palm Beach",FL
33408,"North Palm Beach",FL
33410,"North Palm Beach",FL
34223,"North Port",FL
34224,"North Port",FL
34266,"North Port",FL
34286,"North Port",FL
34287,"North Port",FL
34288,"North Port",FL
34289,"North Port",FL
34290,"North Port",FL
34291,"North Port",FL
34292,"North Port",FL
34293,"North Port",FL
32071,"O Brien",FL
32141,"Oak Hill",FL
32759,"Oak Hill",FL
34760,Oakland,FL
34787,Oakland,FL
34470,Ocala,FL
34471,Ocala,FL
34474,Ocala,FL
34475,Ocala,FL
34477,Ocala,FL
34478,Ocala,FL
34479,Ocala,FL
34480,Ocala,FL
34481,Ocala,FL
34482,Ocala,FL
34483,Ocala,FL
34141,Ochopee,FL
32179,Ocklawaha,FL
32703,Ocoee,FL
32818,Ocoee,FL
34734,Ocoee,FL
34761,Ocoee,FL
34786,Ocoee,FL
34787,Ocoee,FL
33556,Odessa,FL
33558,Odessa,FL
34762,Okahumpka,FL
34972,Okeechobee,FL
34973,Okeechobee,FL
34974,Okeechobee,FL
32680,"Old Town",FL
34677,Oldsmar,FL
34685,Oldsmar,FL
32072,Olustee,FL
33865,Ona,FL
33873,Ona,FL
34264,Oneco,FL
33054,"Opa Locka",FL
32713,"Orange City",FL
32763,"Orange City",FL
32774,"Orange City",FL
32681,"Orange Lake",FL
32067,"Orange Park",FL
32073,"Orange Park",FL
32182,"Orange Springs",FL
32789,Orlando,FL
32801,Orlando,FL
32802,Orlando,FL
32803,Orlando,FL
32804,Orlando,FL
32805,Orlando,FL
32806,Orlando,FL
32807,Orlando,FL
32808,Orlando,FL
32809,Orlando,FL
32810,Orlando,FL
32811,Orlando,FL
32812,Orlando,FL
32814,Orlando,FL
32815,Orlando,FL
32816,Orlando,FL
32819,Orlando,FL
32822,Orlando,FL
32824,Orlando,FL
32825,Orlando,FL
32827,Orlando,FL
32829,Orlando,FL
32832,Orlando,FL
32835,Orlando,FL
32839,Orlando,FL
32853,Orlando,FL
32854,Orlando,FL
32855,Orlando,FL
32856,Orlando,FL
32857,Orlando,FL
32858,Orlando,FL
32859,Orlando,FL
32860,Orlando,FL
32861,Orlando,FL
32862,Orlando,FL
32867,Orlando,FL
32868,Orlando,FL
32869,Orlando,FL
32872,Orlando,FL
32877,Orlando,FL
32878,Orlando,FL
32885,Orlando,FL
32886,Orlando,FL
32887,Orlando,FL
32891,Orlando,FL
32893,Orlando,FL
32896,Orlando,FL
32897,Orlando,FL
32898,Orlando,FL
32899,Orlando,FL
32173,"Ormond Beach",FL
32174,"Ormond Beach",FL
32175,"Ormond Beach",FL
32176,"Ormond Beach",FL
34229,Osprey,FL
32764,Osteen,FL
32626,"Otter Creek",FL
32683,"Otter Creek",FL
32762,Oviedo,FL
32765,Oviedo,FL
32766,Oviedo,FL
34484,Oxford,FL
34660,Ozona,FL
33476,Pahokee,FL
32767,Paisley,FL
32177,Palatka,FL
32178,Palatka,FL
32905,"Palm Bay",FL
32906,"Palm Bay",FL
32907,"Palm Bay",FL
32908,"Palm Bay",FL
32909,"Palm Bay",FL
32910,"Palm Bay",FL
32911,"Palm Bay",FL
32948,"Palm Bay",FL
33480,"Palm Beach",FL
33403,"Palm Beach Gardens",FL
33408,"Palm Beach Gardens",FL
33410,"Palm Beach Gardens",FL
33412,"Palm Beach Gardens",FL
33418,"Palm Beach Gardens",FL
34990,"Palm City",FL
34991,"Palm City",FL
32110,"Palm Coast",FL
32135,"Palm Coast",FL
32136,"Palm Coast",FL
32137,"Palm Coast",FL
32142,"Palm Coast",FL
32164,"Palm Coast",FL
34660,"Palm Harbor",FL
34681,"Palm Harbor",FL
34682,"Palm Harbor",FL
34683,"Palm Harbor",FL
34684,"Palm Harbor",FL
34685,"Palm Harbor",FL
34698,"Palm Harbor",FL
33944,Palmdale,FL
34220,Palmetto,FL
34221,Palmetto,FL
32346,Panacea,FL
32401,"Panama City",FL
32402,"Panama City",FL
32404,"Panama City",FL
32405,"Panama City",FL
32406,"Panama City",FL
32411,"Panama City",FL
32412,"Panama City",FL
32417,"Panama City",FL
32407,"Panama City Beach",FL
32408,"Panama City Beach",FL
32413,"Panama City Beach",FL
34219,Parrish,FL
32925,"Patrick AFB",FL
32538,Paxton,FL
32567,Paxton,FL
33023,"Pembroke Pines",FL
33024,"Pembroke Pines",FL
33025,"Pembroke Pines",FL
33026,"Pembroke Pines",FL
33027,"Pembroke Pines",FL
33028,"Pembroke Pines",FL
33029,"Pembroke Pines",FL
33082,"Pembroke Pines",FL
33084,"Pembroke Pines",FL
33330,"Pembroke Pines",FL
33331,"Pembroke Pines",FL
33332,"Pembroke Pines",FL
32043,"Penney Farms",FL
32079,"Penney Farms",FL
32501,Pensacola,FL
32502,Pensacola,FL
32503,Pensacola,FL
32504,Pensacola,FL
32505,Pensacola,FL
32509,Pensacola,FL
32511,Pensacola,FL
32512,Pensacola,FL
32513,Pensacola,FL
32514,Pensacola,FL
32516,Pensacola,FL
32520,Pensacola,FL
32521,Pensacola,FL
32522,Pensacola,FL
32523,Pensacola,FL
32524,Pensacola,FL
32559,Pensacola,FL
32590,Pensacola,FL
32591,Pensacola,FL
32592,Pensacola,FL
32347,Perry,FL
32348,Perry,FL
32180,Pierson,FL
33922,Pineland,FL
33702,"Pinellas Park",FL
33709,"Pinellas Park",FL
33714,"Pinellas Park",FL
33716,"Pinellas Park",FL
33760,"Pinellas Park",FL
33762,"Pinellas Park",FL
33764,"Pinellas Park",FL
33773,"Pinellas Park",FL
33777,"Pinellas Park",FL
33780,"Pinellas Park",FL
33781,"Pinellas Park",FL
33782,"Pinellas Park",FL
32350,Pinetta,FL
33946,Placida,FL
33563,"Plant City",FL
33564,"Plant City",FL
33565,"Plant City",FL
33566,"Plant City",FL
33567,"Plant City",FL
32768,Plymouth,FL
32459,"Point Washington",FL
33809,"Polk City",FL
33868,"Polk City",FL
32181,"Pomona Park",FL
33060,"Pompano Beach",FL
33061,"Pompano Beach",FL
33062,"Pompano Beach",FL
33064,"Pompano Beach",FL
33069,"Pompano Beach",FL
33072,"Pompano Beach",FL
33074,"Pompano Beach",FL
33075,"Pompano Beach",FL
33077,"Pompano Beach",FL
33093,"Pompano Beach",FL
33097,"Pompano Beach",FL
32455,"Ponce de Leon",FL
32004,"Ponte Vedra",FL
32004,"Ponte Vedra Beach",FL
33938,"Port Charlotte",FL
33948,"Port Charlotte",FL
33949,"Port Charlotte",FL
33952,"Port Charlotte",FL
33953,"Port Charlotte",FL
33954,"Port Charlotte",FL
33980,"Port Charlotte",FL
32127,"Port Orange",FL
32128,"Port Orange",FL
32129,"Port Orange",FL
32168,"Port Orange",FL
34652,"Port Richey",FL
34668,"Port Richey",FL
34673,"Port Richey",FL
32456,"Port Saint Joe",FL
34952,"Port Saint Lucie",FL
34992,"Port Salerno",FL
34997,"Port Salerno",FL
33927,"Punta Gorda",FL
33950,"Punta Gorda",FL
33951,"Punta Gorda",FL
33955,"Punta Gorda",FL
32185,"Putnam Hall",FL
32351,Quincy,FL
32352,Quincy,FL
32353,Quincy,FL
32026,Raiford,FL
32083,Raiford,FL
32686,Reddick,FL
33867,"River Ranch",FL
33503,Riverview,FL
33511,Riverview,FL
33534,Riverview,FL
33568,Riverview,FL
33569,Riverview,FL
33573,Riverview,FL
33578,Riverview,FL
33579,Riverview,FL
32926,Rockledge,FL
32955,Rockledge,FL
32956,Rockledge,FL
32958,Roseland,FL
32413,"Rosemary Beach",FL
33947,"Rotonda West",FL
33570,Ruskin,FL
33572,Ruskin,FL
33575,Ruskin,FL
33759,"Safety Harbor",FL
33761,"Safety Harbor",FL
34695,"Safety Harbor",FL
32080,"Saint Augustine",FL
34769,"Saint Cloud",FL
33956,"Saint James City",FL
33574,"Saint Leo",FL
32355,"Saint Marks",FL
33701,"Saint Petersburg",FL
32356,Salem,FL
33525,"San Antonio",FL
33576,"San Antonio",FL
32187,"San Mateo",FL
32087,Sanderson,FL
32746,Sanford,FL
32771,Sanford,FL
32772,Sanford,FL
32773,Sanford,FL
33957,Sanibel,FL
32459,"Santa Rosa Beach",FL
34230,Sarasota,FL
34231,Sarasota,FL
34232,Sarasota,FL
34234,Sarasota,FL
34236,Sarasota,FL
34237,Sarasota,FL
34239,Sarasota,FL
34242,Sarasota,FL
34243,Sarasota,FL
34276,Sarasota,FL
34277,Sarasota,FL
34278,Sarasota,FL
32937,"Satellite Beach",FL
32189,Satsuma,FL
32775,Scottsmoor,FL
32957,Sebastian,FL
32958,Sebastian,FL
32967,Sebastian,FL
32978,Sebastian,FL
33870,Sebring,FL
33871,Sebring,FL
33872,Sebring,FL
33875,Sebring,FL
33583,Seffner,FL
33584,Seffner,FL
33708,Seminole,FL
33709,Seminole,FL
33772,Seminole,FL
33775,Seminole,FL
33776,Seminole,FL
33777,Seminole,FL
33778,Seminole,FL
32190,Seville,FL
32357,"Shady Grove",FL
32579,Shalimar,FL
32926,Sharpes,FL
32927,Sharpes,FL
32959,Sharpes,FL
34488,"Silver Springs",FL
32460,Sneads,FL
32358,Sopchoppy,FL
32776,Sorrento,FL
33493,"South Bay",FL
32192,Sparr,FL
34601,"Spring Hill",FL
34604,"Spring Hill",FL
34606,"Spring Hill",FL
34607,"Spring Hill",FL
34608,"Spring Hill",FL
34609,"Spring Hill",FL
34611,"Spring Hill",FL
32091,Starke,FL
32359,Steinhatchee,FL
34957,Stuart,FL
34994,Stuart,FL
34995,Stuart,FL
34996,Stuart,FL
34997,Stuart,FL
32321,Sumatra,FL
32335,Sumatra,FL
34491,Summerfield,FL
33042,"Summerland Key",FL
33585,Sumterville,FL
33586,"Sun City",FL
33570,"Sun City Center",FL
33571,"Sun City Center",FL
33573,"Sun City Center",FL
33598,"Sun City Center",FL
32692,Suwannee,FL
33587,Sydney,FL
32301,Tallahassee,FL
32302,Tallahassee,FL
32303,Tallahassee,FL
32304,Tallahassee,FL
32305,Tallahassee,FL
32306,Tallahassee,FL
32307,Tallahassee,FL
32308,Tallahassee,FL
32309,Tallahassee,FL
32310,Tallahassee,FL
32311,Tallahassee,FL
32312,Tallahassee,FL
32313,Tallahassee,FL
32314,Tallahassee,FL
32315,Tallahassee,FL
32316,Tallahassee,FL
32317,Tallahassee,FL
32318,Tallahassee,FL
32395,Tallahassee,FL
32399,Tallahassee,FL
34270,Tallevast,FL
33601,Tampa,FL
33602,Tampa,FL
33603,Tampa,FL
33604,Tampa,FL
33605,Tampa,FL
33606,Tampa,FL
33607,Tampa,FL
33608,Tampa,FL
33609,Tampa,FL
33610,Tampa,FL
33611,Tampa,FL
33612,Tampa,FL
33613,Tampa,FL
33614,Tampa,FL
33615,Tampa,FL
33616,Tampa,FL
33617,Tampa,FL
33619,Tampa,FL
33620,Tampa,FL
33621,Tampa,FL
33622,Tampa,FL
33623,Tampa,FL
33629,Tampa,FL
33630,Tampa,FL
33631,Tampa,FL
33633,Tampa,FL
33634,Tampa,FL
33637,Tampa,FL
33646,Tampa,FL
33647,Tampa,FL
33650,Tampa,FL
33651,Tampa,FL
33655,Tampa,FL
33660,Tampa,FL
33661,Tampa,FL
33662,Tampa,FL
33663,Tampa,FL
33664,Tampa,FL
33672,Tampa,FL
33673,Tampa,FL
33674,Tampa,FL
33675,Tampa,FL
33677,Tampa,FL
33679,Tampa,FL
33680,Tampa,FL
33681,Tampa,FL
33682,Tampa,FL
33684,Tampa,FL
33685,Tampa,FL
33686,Tampa,FL
33687,Tampa,FL
33688,Tampa,FL
33689,Tampa,FL
33694,Tampa,FL
32757,Tangerine,FL
32777,Tangerine,FL
34684,"Tarpon Springs",FL
34688,"Tarpon Springs",FL
34689,"Tarpon Springs",FL
32726,Tavares,FL
32778,Tavares,FL
33070,Tavernier,FL
32360,Telogia,FL
34250,"Terra Ceia",FL
33527,Thonotosassa,FL
33584,Thonotosassa,FL
33592,Thonotosassa,FL
32754,Titusville,FL
32780,Titusville,FL
32781,Titusville,FL
32783,Titusville,FL
32796,Titusville,FL
32693,Trenton,FL
33523,Trilby,FL
33593,Trilby,FL
32702,Umatilla,FL
32784,Umatilla,FL
32542,Valparaiso,FL
32580,Valparaiso,FL
33527,Valrico,FL
33530,Valrico,FL
33587,Valrico,FL
33594,Valrico,FL
33595,Valrico,FL
33596,Valrico,FL
34107,"Vanderbilt Beach",FL
34275,Venice,FL
34284,Venice,FL
34285,Venice,FL
34292,Venice,FL
34293,Venice,FL
33960,Venus,FL
32462,Vernon,FL
32960,"Vero Beach",FL
32961,"Vero Beach",FL
32963,"Vero Beach",FL
32964,"Vero Beach",FL
32965,"Vero Beach",FL
32966,"Vero Beach",FL
32967,"Vero Beach",FL
32969,"Vero Beach",FL
32958,Wabasso,FL
32967,Wabasso,FL
32970,Wabasso,FL
32344,Wacissa,FL
32361,Wacissa,FL
32694,Waldo,FL
33873,Wauchula,FL
32428,Wausau,FL
32463,Wausau,FL
33859,Waverly,FL
33877,Waverly,FL
33597,Webster,FL
32195,Weirsdale,FL
32189,Welaka,FL
32193,Welaka,FL
32094,Wellborn,FL
33401,"West Palm Beach",FL
33402,"West Palm Beach",FL
33405,"West Palm Beach",FL
33406,"West Palm Beach",FL
33407,"West Palm Beach",FL
33409,"West Palm Beach",FL
33411,"West Palm Beach",FL
33412,"West Palm Beach",FL
33416,"West Palm Beach",FL
33417,"West Palm Beach",FL
33419,"West Palm Beach",FL
33420,"West Palm Beach",FL
33421,"West Palm Beach",FL
33422,"West Palm Beach",FL
32455,Westville,FL
32464,Westville,FL
32465,Wewahitchka,FL
32096,"White Springs",FL
32162,Wildwood,FL
33514,Wildwood,FL
33585,Wildwood,FL
34484,Wildwood,FL
34785,Wildwood,FL
32696,Williston,FL
33598,Wimauma,FL
34786,Windermere,FL
32967,"Winter Beach",FL
32971,"Winter Beach",FL
34777,"Winter Garden",FL
34778,"Winter Garden",FL
34787,"Winter Garden",FL
33830,"Winter Haven",FL
33839,"Winter Haven",FL
33859,"Winter Haven",FL
33880,"Winter Haven",FL
33881,"Winter Haven",FL
33882,"Winter Haven",FL
33883,"Winter Haven",FL
33884,"Winter Haven",FL
33885,"Winter Haven",FL
33888,"Winter Haven",FL
32789,"Winter Park",FL
32790,"Winter Park",FL
32792,"Winter Park",FL
32793,"Winter Park",FL
32803,"Winter Park",FL
32707,"Winter Springs",FL
32708,"Winter Springs",FL
32719,"Winter Springs",FL
32765,"Winter Springs",FL
32305,Woodville,FL
32362,Woodville,FL
32054,"Worthington Springs",FL
32697,"Worthington Springs",FL
34737,Yalaha,FL
34762,Yalaha,FL
34797,Yalaha,FL
34449,Yankeetown,FL
34498,Yankeetown,FL
32466,Youngstown,FL
32034,Yulee,FL
32041,Yulee,FL
32097,Yulee,FL
32712,Zellwood,FL
32757,Zellwood,FL
32798,Zellwood,FL
33539,Zephyrhills,FL
33540,Zephyrhills,FL
33541,Zephyrhills,FL
33542,Zephyrhills,FL
33890,"Zolfo Springs",FL
33406,"Acacia Villas",FL
32817,Alafaya,FL
32825,Alafaya,FL
32826,Alafaya,FL
32828,Alafaya,FL
32829,Alafaya,FL
32831,Alafaya,FL
32565,Allentown,FL
32570,Allentown,FL
32626,Andrews,FL
32693,Andrews,FL
32043,"Asbury Lake",FL
32068,"Asbury Lake",FL
33462,Atlantis,FL
32344,Aucilla,FL
32583,Avalon,FL
33160,Aventura,FL
33180,Aventura,FL
32807,"Azalea Park",FL
32822,"Azalea Park",FL
32220,Baldwin,FL
32234,Baldwin,FL
33154,"Bal Harbour",FL
33777,Bardmoor,FL
33154,"Bay Harbor Islands",FL
32819,"Bay Hill",FL
32836,"Bay Hill",FL
32830,"Bay Lake",FL
32836,"Bay Lake",FL
34747,"Bay Lake",FL
34787,"Bay Lake",FL
34667,"Bayonet Point",FL
34668,"Bayonet Point",FL
34607,Bayport,FL
34203,"Bayshore Gardens",FL
34207,"Bayshore Gardens",FL
34652,"Beacon Square",FL
34691,"Beacon Square",FL
33707,"Bear Creek",FL
34233,"Bee Ridge",FL
32073,"Bellair-meadowbrook Terrace",FL
33756,Belleair,FL
33770,"Belleair Bluffs",FL
33786,"Belleair Shore",FL
32806,"Belle Isle",FL
32809,"Belle Isle",FL
32812,"Belle Isle",FL
32505,Bellview,FL
32526,Bellview,FL
32565,Berrydale,FL
32570,Berrydale,FL
32136,"Beverly Beach",FL
33040,"Big Coppitt Key",FL
33161,"Biscayne Park",FL
32820,Bithlo,FL
32833,Bithlo,FL
34461,"Black Diamond",FL
34465,"Black Diamond",FL
32732,"Black Hammock",FL
32765,"Black Hammock",FL
33511,Bloomingdale,FL
33596,Bloomingdale,FL
33311,"Boulevard Gardens",FL
33860,"Bradley Junction",FL
32501,Brent,FL
32503,Brent,FL
32504,Brent,FL
32505,Brent,FL
33435,"Briny Breezes",FL
33317,"Broadview Park",FL
34613,Brookridge,FL
32565,Brownsdale,FL
33142,Brownsville,FL
34974,"Buckhead Ridge",FL
33905,Buckingham,FL
33971,Buckingham,FL
34743,"Buenaventura Lakes",FL
33955,"Burnt Store Marina",FL
33993,"Burnt Store Marina",FL
32080,"Butler Beach",FL
33410,"Cabana Colony",FL
32404,Callaway,FL
34746,Campbell,FL
34758,Campbell,FL
33612,Carrollwood,FL
33618,Carrollwood,FL
33624,Carrollwood,FL
32401,"Cedar Grove",FL
32405,"Cedar Grove",FL
34747,Celebration,FL
33920,"Charleston Park",FL
33952,"Charlotte Harbor",FL
33980,"Charlotte Harbor",FL
33950,"Charlotte Park",FL
33548,Cheval,FL
33558,Cheval,FL
32766,Chuluota,FL
32565,Chumuckla,FL
32571,Chumuckla,FL
32548,"Cinco Bayou",FL
32549,"Cinco Bayou",FL
34442,"Citrus Hills",FL
34453,"Citrus Hills",FL
34461,"Citrus Hills",FL
33556,"Citrus Park",FL
33625,"Citrus Park",FL
34433,"Citrus Springs",FL
34434,"Citrus Springs",FL
34465,"Citrus Springs",FL
33950,Cleveland,FL
33982,Cleveland,FL
33406,"Cloud Lake",FL
32565,Cobbtown,FL
32922,"Cocoa West",FL
32926,"Cocoa West",FL
33063,"Coconut Creek",FL
33066,"Coconut Creek",FL
33073,"Coconut Creek",FL
33801,"Combee Settlement",FL
34637,Connerton,FL
34639,Connerton,FL
32806,Conway,FL
32812,Conway,FL
33024,"Cooper City",FL
33026,"Cooper City",FL
33328,"Cooper City",FL
33330,"Cooper City",FL
33133,"Coral Gables",FL
33134,"Coral Gables",FL
33143,"Coral Gables",FL
33146,"Coral Gables",FL
33156,"Coral Gables",FL
33158,"Coral Gables",FL
33065,"Coral Springs",FL
33067,"Coral Springs",FL
33071,"Coral Springs",FL
33076,"Coral Springs",FL
33144,"Coral Terrace",FL
33155,"Coral Terrace",FL
33015,"Country Club",FL
33186,"Country Walk",FL
33196,"Country Walk",FL
32080,"Crescent Beach",FL
33859,"Crooked Lake Park",FL
33801,"Crystal Lake",FL
33042,"Cudjoe Key",FL
33157,"Cutler Bay",FL
33189,"Cutler Bay",FL
33190,"Cutler Bay",FL
33880,"Cypress Gardens",FL
33884,"Cypress Gardens",FL
33919,"Cypress Lake",FL
34972,"Cypress Quarters",FL
34974,"Cypress Quarters",FL
33523,"Dade City North",FL
33525,"Dade City North",FL
33004,"Dania Beach",FL
33312,"Dania Beach",FL
33314,"Dania Beach",FL
33316,"Dania Beach",FL
33024,Davie,FL
33312,Davie,FL
33314,Davie,FL
33317,Davie,FL
33324,Davie,FL
33325,Davie,FL
33326,Davie,FL
33328,Davie,FL
33330,Davie,FL
33331,Davie,FL
32118,"Daytona Beach Shores",FL
32720,"Deland Southwest",FL
34235,"Desoto Lakes",FL
32583,"Dickerson City",FL
32565,Dixonville,FL
32819,"Doctor Phillips",FL
32836,"Doctor Phillips",FL
33122,Doral,FL
33126,Doral,FL
33166,Doral,FL
33172,Doral,FL
33178,Doral,FL
33050,"Duck Key",FL
32618,"East Bronson",FL
32621,"East Bronson",FL
34677,"East Lake",FL
34684,"East Lake",FL
34685,"East Lake",FL
34688,"East Lake",FL
34689,"East Lake",FL
33584,"East Lake-orient Park",FL
33610,"East Lake-orient Park",FL
33617,"East Lake-orient Park",FL
33619,"East Lake-orient Park",FL
33637,"East Lake-orient Park",FL
32583,"East Milton",FL
32696,"East Williston",FL
32751,Eatonville,FL
32810,Eatonville,FL
32806,Edgewood,FL
32809,Edgewood,FL
32839,Edgewood,FL
33614,"Egypt Lake-leto",FL
33138,"El Portal",FL
33150,"El Portal",FL
32514,Ensley,FL
32533,Ensley,FL
32534,Ensley,FL
32425,Esto,FL
34114,Everglades,FL
34139,Everglades,FL
34141,Everglades,FL
32789,"Fairview Shores",FL
32804,"Fairview Shores",FL
32810,"Fairview Shores",FL
32693,"Fanning Springs",FL
33762,"Feather Sound",FL
32730,"Fern Park",FL
32751,"Fern Park",FL
32504,"Ferry Pass",FL
32514,"Ferry Pass",FL
32565,Fidelis,FL
33109,"Fisher Island",FL
33547,"Fish Hawk",FL
33569,"Fish Hawk",FL
32055,"Five Points",FL
32145,"Flagler Estates",FL
33034,"Florida City",FL
33035,"Florida City",FL
32962,"Florida Ridge",FL
32968,"Florida Ridge",FL
32571,Floridatown,FL
32703,"Forest City",FL
32714,"Forest City",FL
32779,"Forest City",FL
33935,"Fort Denaud",FL
33834,"Fort Green",FL
33834,"Fort Green Springs",FL
33905,"Fort Myers Shores",FL
34946,"Fort Pierce North",FL
34947,"Fort Pierce North",FL
34950,"Fort Pierce North",FL
34947,"Fort Pierce South",FL
34981,"Fort Pierce South",FL
34982,"Fort Pierce South",FL
33126,Fountainebleau,FL
33144,Fountainebleau,FL
33172,Fountainebleau,FL
33174,Fountainebleau,FL
33896,"Four Corners",FL
33897,"Four Corners",FL
34714,"Four Corners",FL
34747,"Four Corners",FL
34787,"Four Corners",FL
33311,"Franklin Park",FL
32259,"Fruit Cove",FL
34232,Fruitville,FL
34235,Fruitville,FL
34240,Fruitville,FL
33860,"Fuller Heights",FL
33801,"Fussels Corner",FL
33823,"Fussels Corner",FL
32583,"Garcon Point",FL
34604,"Garden Grove",FL
33890,Gardner,FL
33913,Gateway,FL
32960,Gifford,FL
32966,Gifford,FL
32967,Gifford,FL
33106,Gladeview,FL
33147,Gladeview,FL
33150,Gladeview,FL
32168,Glencoe,FL
33406,"Glen Ridge",FL
32040,"Glen St. Mary",FL
33143,"Glenvar Heights",FL
33155,"Glenvar Heights",FL
33160,"Golden Beach",FL
34116,"Golden Gate",FL
33054,"Golden Glades",FL
33161,"Golden Glades",FL
33162,"Golden Glades",FL
33167,"Golden Glades",FL
33168,"Golden Glades",FL
33169,"Golden Glades",FL
33181,"Golden Glades",FL
33436,Golf,FL
32501,Goulding,FL
32503,Goulding,FL
32505,Goulding,FL
33170,Goulds,FL
33177,Goulds,FL
33189,Goulds,FL
32909,Grant-valkaria,FL
32949,Grant-valkaria,FL
32950,Grant-valkaria,FL
32976,Grant-valkaria,FL
33413,Greenacres,FL
33415,Greenacres,FL
33463,Greenacres,FL
33467,Greenacres,FL
33763,Greenbriar,FL
34698,Greenbriar,FL
33844,Grenelefe,FL
34224,"Grove City",FL
34231,"Gulf Gate Estates",FL
33707,Gulfport,FL
33711,Gulfport,FL
33483,"Gulf Stream",FL
33406,"Gun Club Estates",FL
33008,"Hallandale Beach",FL
33009,"Hallandale Beach",FL
33770,"Harbor Bluffs",FL
33983,"Harbour Heights",FL
33440,Harlem,FL
33908,"Harlem Heights",FL
32564,Harold,FL
32583,Harold,FL
33415,Haverhill,FL
33417,Haverhill,FL
32746,Heathrow,FL
34667,"Heritage Pines",FL
34607,"Hernando Beach",FL
33016,"Hialeah Gardens",FL
33018,"Hialeah Gardens",FL
33487,"Highland Beach",FL
33898,"Highland Park",FL
34613,"High Point",FL
33827,"Hillcrest Heights",FL
33843,"Hillcrest Heights",FL
33859,"Hillcrest Heights",FL
34602,"Hill 'n Dale",FL
33062,"Hillsboro Beach",FL
33073,"Hillsboro Pines",FL
32805,"Holden Heights",FL
32806,"Holden Heights",FL
32839,"Holden Heights",FL
32566,Holley,FL
32117,"Holly Hill",FL
32174,"Holly Hill",FL
33032,"Homestead Base",FL
33033,"Homestead Base",FL
33039,"Homestead Base",FL
32836,"Horizon West",FL
34786,"Horizon West",FL
34787,"Horizon West",FL
34737,Howey-in-the-hills,FL
32837,"Hunters Creek",FL
34957,"Hutchinson Island South",FL
33462,Hypoluxo,FL
33154,"Indian Creek",FL
32937,"Indian Harbour Beach",FL
34982,"Indian River Estates",FL
32963,"Indian River Shores",FL
33785,"Indian Shores",FL
34453,"Inverness Highlands North",FL
34452,"Inverness Highlands South",FL
33880,Inwood,FL
33881,Inwood,FL
33908,Iona,FL
34119,"Island Walk",FL
33179,"Ives Estates",FL
32431,"Jacob City",FL
33880,"Jan Phyl Village",FL
34654,"Jasmine Estates",FL
34668,"Jasmine Estates",FL
32904,"June Park",FL
33408,"Juno Beach",FL
33408,"Juno Ridge",FL
33478,"Jupiter Farms",FL
33469,"Jupiter Inlet Colony",FL
33455,"Jupiter Island",FL
33175,"Kendale Lakes",FL
33183,"Kendale Lakes",FL
33186,"Kendale Lakes",FL
33143,Kendall,FL
33156,Kendall,FL
33173,Kendall,FL
33176,Kendall,FL
33183,Kendall,FL
33186,Kendall,FL
33185,"Kendall West",FL
33193,"Kendall West",FL
33709,"Kenneth City",FL
34235,"Kensington Park",FL
33461,"Kenwood Estates",FL
33463,"Kenwood Estates",FL
33556,Keystone,FL
33558,Keystone,FL
33626,Keystone,FL
34691,"Key Vista",FL
32413,"Laguna Beach",FL
32461,"Laguna Beach",FL
33413,"Lake Belvedere Estates",FL
32830,"Lake Buena Vista",FL
32836,"Lake Buena Vista",FL
33406,"Lake Clarke Shores",FL
32832,"Lake Hart",FL
32767,"Lake Kathryn",FL
33813,"Lakeland Highlands",FL
34601,"Lake Lindsey",FL
32579,"Lake Lorraine",FL
32720,"Lake Mack-forest Hills",FL
32767,"Lake Mack-forest Hills",FL
33548,"Lake Magdalene",FL
33612,"Lake Magdalene",FL
33613,"Lake Magdalene",FL
33618,"Lake Magdalene",FL
32832,"Lake Mary Jane",FL
32321,"Lake Mystic",FL
33403,"Lake Park",FL
33404,"Lake Park",FL
34241,"Lake Sarasota",FL
32030,Lakeside,FL
32065,Lakeside,FL
32068,Lakeside,FL
32073,Lakeside,FL
34946,"Lakewood Park",FL
34951,"Lakewood Park",FL
33548,"Land O' Lakes",FL
33549,"Land O' Lakes",FL
33558,"Land O' Lakes",FL
33559,"Land O' Lakes",FL
34638,"Land O' Lakes",FL
34639,"Land O' Lakes",FL
33461,Lantana,FL
33462,Lantana,FL
33480,Lantana,FL
33062,Lauderdale-by-the-sea,FL
33308,Lauderdale-by-the-sea,FL
33309,"Lauderdale Lakes",FL
33311,"Lauderdale Lakes",FL
33313,"Lauderdale Lakes",FL
33319,"Lauderdale Lakes",FL
33311,Lauderhill,FL
33313,Lauderhill,FL
33319,Lauderhill,FL
33351,Lauderhill,FL
33001,Layton,FL
33305,"Lazy Lake",FL
33702,Lealman,FL
33709,Lealman,FL
33714,Lealman,FL
33781,Lealman,FL
33032,"Leisure City",FL
33033,"Leisure City",FL
34113,Lely,FL
34113,"Lely Resort",FL
33825,"Lemon Grove",FL
33873,"Lemon Grove",FL
33890,"Lemon Grove",FL
33064,"Lighthouse Point",FL
33865,Limestone,FL
33458,"Limestone Creek",FL
34788,Lisbon,FL
33903,"Lochmoor Waterway Estates",FL
33990,"Lochmoor Waterway Estates",FL
32703,Lockhart,FL
32810,Lockhart,FL
32408,"Lower Grand Lagoon",FL
33470,"Loxahatchee Groves",FL
33708,"Madeira Beach",FL
33462,Manalapan,FL
34223,"Manasota Key",FL
32626,"Manatee Road",FL
32693,"Manatee Road",FL
33407,"Mangonia Park",FL
33063,Margate,FL
33068,Margate,FL
32137,Marineland,FL
34604,Masaryktown,FL
33993,Matlacha,FL
33991,"Matlacha Isles-matlacha Shores",FL
33993,"Matlacha Isles-matlacha Shores",FL
33919,Mcgregor,FL
32664,Mcintosh,FL
34669,"Meadow Oaks",FL
32824,"Meadow Woods",FL
33166,Medley,FL
33178,Medley,FL
33811,Medulla,FL
33813,Medulla,FL
32904,"Melbourne Village",FL
34221,Memphis,FL
33014,"Miami Gardens",FL
33054,"Miami Gardens",FL
33055,"Miami Gardens",FL
33056,"Miami Gardens",FL
33169,"Miami Gardens",FL
33179,"Miami Gardens",FL
33222,"Miami Gardens",FL
33014,"Miami Lakes",FL
33016,"Miami Lakes",FL
33018,"Miami Lakes",FL
33138,"Miami Shores",FL
33141,"Miami Shores",FL
33150,"Miami Shores",FL
33154,"Miami Shores",FL
33161,"Miami Shores",FL
33168,"Miami Shores",FL
33142,"Miami Springs",FL
33166,"Miami Springs",FL
32976,Micco,FL
33023,Miramar,FL
33025,Miramar,FL
33027,Miramar,FL
33029,Miramar,FL
33440,Montura,FL
34654,"Moon Lake",FL
32565,"Mount Carmel",FL
32776,"Mount Plymouth",FL
32583,Mulat,FL
32570,Munson,FL
32506,"Myrtle Grove",FL
32507,"Myrtle Grove",FL
32511,"Myrtle Grove",FL
34113,"Naples Manor",FL
34108,"Naples Park",FL
33032,Naranja,FL
32011,"Nassau Village-ratliff",FL
32566,"Navarre Beach",FL
34653,"New Port Richey East",FL
34668,"New Port Richey East",FL
33141,"North Bay Village",FL
34601,"North Brooksville",FL
33548,Northdale,FL
33558,Northdale,FL
33618,Northdale,FL
33624,Northdale,FL
33625,Northdale,FL
32724,"North Deland",FL
33037,"North Key Largo",FL
33068,"North Lauderdale",FL
33309,"North Lauderdale",FL
33319,"North Lauderdale",FL
33160,"North Miami",FL
33161,"North Miami",FL
33167,"North Miami",FL
33168,"North Miami",FL
33181,"North Miami",FL
33708,"North Redington Beach",FL
34994,"North River Shores",FL
34234,"North Sarasota",FL
34243,"North Sarasota",FL
34613,"North Weeki Wachee",FL
34614,"North Weeki Wachee",FL
33306,"Oakland Park",FL
33308,"Oakland Park",FL
33309,"Oakland Park",FL
33311,"Oakland Park",FL
33334,"Oakland Park",FL
32065,"Oakleaf Plantation",FL
32068,"Oakleaf Plantation",FL
32073,"Oakleaf Plantation",FL
32809,"Oak Ridge",FL
32839,"Oak Ridge",FL
34957,"Ocean Breeze Park",FL
32547,"Ocean City",FL
33435,"Ocean Ridge",FL
33160,Ojus,FL
33179,Ojus,FL
33180,Ojus,FL
33905,Olga,FL
33920,Olga,FL
33143,"Olympia Heights",FL
33155,"Olympia Heights",FL
33165,"Olympia Heights",FL
33054,Opa-locka,FL
33167,Opa-locka,FL
34120,Orangetree,FL
32963,Orchid,FL
32563,"Oriole Beach",FL
32808,Orlovista,FL
32811,Orlovista,FL
32818,Orlovista,FL
32835,Orlovista,FL
32176,Ormond-by-the-sea,FL
32571,Pace,FL
33907,"Page Park",FL
33404,"Palm Beach Shores",FL
33157,"Palmetto Bay",FL
33158,"Palmetto Bay",FL
33176,"Palmetto Bay",FL
33157,"Palmetto Estates",FL
33903,"Palmona Park",FL
33578,"Palm River-clair Mel",FL
33619,"Palm River-clair Mel",FL
32935,"Palm Shores",FL
32940,"Palm Shores",FL
33406,"Palm Springs",FL
33415,"Palm Springs",FL
33461,"Palm Springs",FL
33015,"Palm Springs North",FL
32082,"Palm Valley",FL
32703,"Paradise Heights",FL
32404,Parker,FL
33067,Parkland,FL
33076,Parkland,FL
33525,"Pasadena Hills",FL
33541,"Pasadena Hills",FL
33542,"Pasadena Hills",FL
33545,"Pasadena Hills",FL
33574,"Pasadena Hills",FL
33576,"Pasadena Hills",FL
32571,"Pea Ridge",FL
32583,"Pea Ridge",FL
33647,"Pebble Creek",FL
34108,"Pelican Bay",FL
33009,"Pembroke Park",FL
33023,"Pembroke Park",FL
33406,"Pine Air",FL
32809,"Pine Castle",FL
32839,"Pine Castle",FL
32890,"Pine Castle",FL
33143,Pinecrest,FL
33156,Pinecrest,FL
32710,"Pine Hills",FL
32808,"Pine Hills",FL
32818,"Pine Hills",FL
34607,"Pine Island",FL
33922,"Pine Island Center",FL
32736,"Pine Lakes",FL
32565,"Pine Level",FL
33907,"Pine Manor",FL
34108,"Pine Ridge",FL
34433,"Pine Ridge",FL
34434,"Pine Ridge",FL
34442,"Pine Ridge",FL
34461,"Pine Ridge",FL
34465,"Pine Ridge",FL
33147,Pinewood,FL
33150,Pinewood,FL
33167,Pinewood,FL
33168,Pinewood,FL
33440,Pioneer,FL
32702,Pittman,FL
33312,Plantation,FL
33313,Plantation,FL
33317,Plantation,FL
33322,Plantation,FL
33323,Plantation,FL
33324,Plantation,FL
33325,Plantation,FL
34293,Plantation,FL
34139,"Plantation Island",FL
33417,"Plantation Mobile Home Park",FL
33837,Poinciana,FL
33844,Poinciana,FL
34758,Poinciana,FL
34759,Poinciana,FL
32570,"Point Baker",FL
32127,"Ponce Inlet",FL
32168,"Ponce Inlet",FL
33935,"Port Labelle",FL
32456,"Port St. Joe",FL
32927,"Port St. John",FL
34945,"Port St. Lucie",FL
34952,"Port St. Lucie",FL
34953,"Port St. Lucie",FL
34957,"Port St. Lucie",FL
34982,"Port St. Lucie",FL
34983,"Port St. Lucie",FL
34984,"Port St. Lucie",FL
34985,"Port St. Lucie",FL
34986,"Port St. Lucie",FL
34987,"Port St. Lucie",FL
34988,"Port St. Lucie",FL
34990,"Port St. Lucie",FL
32405,"Pretty Bayou",FL
33032,Princeton,FL
33170,Princeton,FL
33190,Princeton,FL
33578,"Progress Village",FL
33619,"Progress Village",FL
33908,"Punta Rassa",FL
34610,"Quail Ridge",FL
34669,"Quail Ridge",FL
32696,Raleigh,FL
33708,"Redington Beach",FL
33708,"Redington Shores",FL
33176,"Richmond Heights",FL
33186,"Richmond Heights",FL
33177,"Richmond West",FL
33187,"Richmond West",FL
33774,Ridgecrest,FL
33778,Ridgecrest,FL
33523,"Ridge Manor",FL
33597,"Ridge Manor",FL
34231,"Ridge Wood Heights",FL
34957,Rio,FL
32825,"Rio Pinar",FL
34952,"River Park",FL
34983,"River Park",FL
34654,"River Ridge",FL
33404,"Riviera Beach",FL
33407,"Riviera Beach",FL
33410,"Riviera Beach",FL
33418,"Riviera Beach",FL
32570,Roeville,FL
33311,"Roosevelt Gardens",FL
33946,Rotonda,FL
33947,Rotonda,FL
34224,Rotonda,FL
33411,"Royal Palm Beach",FL
33414,"Royal Palm Beach",FL
33470,"Royal Palm Beach",FL
33413,"Royal Palm Estates",FL
33415,"Royal Palm Estates",FL
34208,Samoset,FL
32128,"Samsula-spruce Creek",FL
32168,"Samsula-spruce Creek",FL
33908,"San Carlos Park",FL
33967,"San Carlos Park",FL
33462,"San Castle",FL
34232,"Sarasota Springs",FL
34233,"Sarasota Springs",FL
32082,Sawgrass,FL
33417,"Schall Circle",FL
33308,"Sea Ranch Lakes",FL
33462,"Seminole Manor",FL
34996,"Sewall's Point",FL
34610,"Shady Hills",FL
34667,"Shady Hills",FL
34669,"Shady Hills",FL
34242,"Siesta Key",FL
34788,"Silver Lake",FL
34472,"Silver Springs Shores",FL
32809,"Sky Lake",FL
33950,Solana,FL
32703,"South Apopka",FL
32963,"South Beach",FL
34205,"South Bradenton",FL
34207,"South Bradenton",FL
34210,"South Bradenton",FL
34601,"South Brooksville",FL
34604,"South Brooksville",FL
32824,Southchase,FL
32837,Southchase,FL
32118,"South Daytona",FL
32119,"South Daytona",FL
34266,"Southeast Arcadia",FL
34239,Southgate,FL
34231,"South Gate Ridge",FL
34233,"South Gate Ridge",FL
33760,"South Highpoint",FL
33143,"South Miami",FL
33155,"South Miami",FL
33157,"South Miami Heights",FL
33177,"South Miami Heights",FL
33189,"South Miami Heights",FL
33480,"South Palm Beach",FL
33707,"South Pasadena",FL
32937,"South Patrick Shores",FL
34231,"South Sarasota",FL
34223,"South Venice",FL
34285,"South Venice",FL
34293,"South Venice",FL
33029,"Southwest Ranches",FL
33330,"Southwest Ranches",FL
33331,"Southwest Ranches",FL
33332,"Southwest Ranches",FL
32401,Springfield,FL
32404,Springfield,FL
32405,Springfield,FL
32570,Springhill,FL
34601,"Spring Lake",FL
34602,"Spring Lake",FL
32643,"Spring Ridge",FL
33417,"Stacey Street",FL
32080,"St. Augustine",FL
32084,"St. Augustine",FL
32085,"St. Augustine",FL
32086,"St. Augustine",FL
32095,"St. Augustine",FL
32080,"St. Augustine Beach",FL
32086,"St. Augustine Shores",FL
32086,"St. Augustine South",FL
34769,"St. Cloud",FL
34770,"St. Cloud",FL
34771,"St. Cloud",FL
34772,"St. Cloud",FL
32328,"St. George Island",FL
33922,"St. James City",FL
33956,"St. James City",FL
33525,"St. Leo",FL
33576,"St. Leo",FL
34946,"St. Lucie Village",FL
32355,"St. Marks",FL
33040,"Stock Island",FL
33706,"St. Pete Beach",FL
33707,"St. Pete Beach",FL
33701,"St. Petersburg",FL
33702,"St. Petersburg",FL
33703,"St. Petersburg",FL
33704,"St. Petersburg",FL
33705,"St. Petersburg",FL
33707,"St. Petersburg",FL
33709,"St. Petersburg",FL
33710,"St. Petersburg",FL
33711,"St. Petersburg",FL
33712,"St. Petersburg",FL
33713,"St. Petersburg",FL
33714,"St. Petersburg",FL
33715,"St. Petersburg",FL
33716,"St. Petersburg",FL
33729,"St. Petersburg",FL
33731,"St. Petersburg",FL
33732,"St. Petersburg",FL
33733,"St. Petersburg",FL
33734,"St. Petersburg",FL
33736,"St. Petersburg",FL
33737,"St. Petersburg",FL
33738,"St. Petersburg",FL
33740,"St. Petersburg",FL
33741,"St. Petersburg",FL
33742,"St. Petersburg",FL
33743,"St. Petersburg",FL
33747,"St. Petersburg",FL
33762,"St. Petersburg",FL
33784,"St. Petersburg",FL
34446,"Sugarmill Woods",FL
34461,"Sugarmill Woods",FL
33917,"Suncoast Estates",FL
33160,"Sunny Isles Beach",FL
33313,Sunrise,FL
33322,Sunrise,FL
33323,Sunrise,FL
33325,Sunrise,FL
33326,Sunrise,FL
33351,Sunrise,FL
33165,Sunset,FL
33173,Sunset,FL
33154,Surfside,FL
33112,Sweetwater,FL
33172,Sweetwater,FL
33174,Sweetwater,FL
32824,Taft,FL
33309,Tamarac,FL
33319,Tamarac,FL
33321,Tamarac,FL
33351,Tamarac,FL
33175,Tamiami,FL
33182,Tamiami,FL
33184,Tamiami,FL
32819,"Tangelo Park",FL
34974,"Taylor Creek",FL
33617,"Temple Terrace",FL
33637,"Temple Terrace",FL
33469,Tequesta,FL
33411,"The Acreage",FL
33412,"The Acreage",FL
33470,"The Acreage",FL
33186,"The Crossings",FL
33186,"The Hammocks",FL
33196,"The Hammocks",FL
34235,"The Meadows",FL
32159,"The Villages",FL
32162,"The Villages",FL
34484,"The Villages",FL
34491,"The Villages",FL
34785,"The Villages",FL
33186,"Three Lakes",FL
33967,"Three Oaks",FL
33905,Tice,FL
33715,"Tierra Verde",FL
32563,"Tiger Point",FL
34787,Tildenville,FL
34606,"Timber Pines",FL
33607,"Town 'n' Country",FL
33615,"Town 'n' Country",FL
33634,"Town 'n' Country",FL
33635,"Town 'n' Country",FL
33706,"Treasure Island",FL
34655,Trinity,FL
32403,"Tyndall Afb",FL
32817,"Union Park",FL
32825,"Union Park",FL
32817,University,FL
32826,University,FL
33549,University,FL
33559,University,FL
33612,University,FL
33613,University,FL
33647,University,FL
33165,"University Park",FL
33174,"University Park",FL
33175,"University Park",FL
32407,"Upper Grand Lagoon",FL
32408,"Upper Grand Lagoon",FL
34229,Vamo,FL
34231,Vamo,FL
34238,Vamo,FL
34293,"Venice Gardens",FL
32960,"Vero Beach South",FL
32962,"Vero Beach South",FL
32966,"Vero Beach South",FL
32968,"Vero Beach South",FL
34114,"Verona Walk",FL
32940,"Viera East",FL
32955,"Viera East",FL
32940,"Viera West",FL
32955,"Viera West",FL
32084,"Villano Beach",FL
33907,Villas,FL
33912,Villas,FL
33966,Villas,FL
34119,Vineyards,FL
33166,"Virginia Gardens",FL
32963,"Wabasso Beach",FL
33880,Wahneta,FL
32571,Wallace,FL
34287,"Warm Mineral Springs",FL
32506,Warrington,FL
32507,Warrington,FL
32508,Warrington,FL
33311,"Washington Park",FL
33428,Watergate,FL
32025,Watertown,FL
32055,Watertown,FL
32344,Waukeenah,FL
32833,Wedgefield,FL
34606,"Weeki Wachee",FL
34607,"Weeki Wachee",FL
34613,"Weeki Wachee",FL
34607,"Weeki Wachee Gardens",FL
32779,"Wekiwa Springs",FL
33411,Wellington,FL
33414,Wellington,FL
33449,Wellington,FL
33470,Wellington,FL
33543,"Wesley Chapel",FL
33544,"Wesley Chapel",FL
33545,"Wesley Chapel",FL
33559,"Wesley Chapel",FL
34205,"West Bradenton",FL
34209,"West Bradenton",FL
33626,Westchase,FL
33144,Westchester,FL
33155,Westchester,FL
33165,Westchester,FL
33174,Westchester,FL
32720,"West Deland",FL
33409,Westgate,FL
33709,"West Lealman",FL
33781,"West Lealman",FL
33110,"West Little River",FL
33147,"West Little River",FL
33150,"West Little River",FL
32901,"West Melbourne",FL
32904,"West Melbourne",FL
32934,"West Melbourne",FL
33144,"West Miami",FL
33155,"West Miami",FL
33326,Weston,FL
33327,Weston,FL
33331,Weston,FL
33332,Weston,FL
33023,"West Park",FL
32505,"West Pensacola",FL
32506,"West Pensacola",FL
32507,"West Pensacola",FL
33157,"West Perrine",FL
34203,"West Samoset",FL
34208,"West Samoset",FL
32966,"West Vero Corridor",FL
33167,Westview,FL
33165,"Westwood Lakes",FL
33175,"Westwood Lakes",FL
33919,"Whiskey Creek",FL
34952,"White City",FL
34981,"White City",FL
34982,"White City",FL
32570,Whitfield,FL
34243,Whitfield,FL
32821,Williamsburg,FL
32668,"Williston Highlands",FL
32696,"Williston Highlands",FL
33811,"Willow Oak",FL
33860,"Willow Oak",FL
33305,"Wilton Manors",FL
33306,"Wilton Manors",FL
33311,"Wilton Manors",FL
33334,"Wilton Manors",FL
32963,Windsor,FL
34601,Wiscon,FL
34613,Wiscon,FL
32563,"Woodlawn Beach",FL
32092,"World Golf Village",FL
32095,"World Golf Village",FL
32547,Wright,FL
32548,Wright,FL
34972,"Yeehaw Junction",FL
33540,"Zephyrhills North",FL
33542,"Zephyrhills North",FL
33541,"Zephyrhills South",FL
33542,"Zephyrhills South",FL
33541,"Zephyrhills West",FL
33542,"Zephyrhills West",FL
