zipcode,city,state
70510,Abbeville,LA
70511,Abbeville,LA
70420,"Abita Springs",LA
70471,"Abita Springs",LA
71316,Acme,LA
70710,Addis,LA
70719,Addis,LA
71401,Aimwell,LA
70421,Akers,LA
70711,Albany,LA
71301,Alexandria,LA
71302,Alexandria,LA
71303,Alexandria,LA
71306,Alexandria,LA
71307,Alexandria,LA
71309,Alexandria,LA
71315,Alexandria,LA
71409,Alexandria,LA
70031,Ama,LA
70340,Amelia,LA
70380,Amelia,LA
70422,Amite,LA
71403,Anacoco,LA
70426,Angie,LA
70467,Angie,LA
70712,Angola,LA
70032,Arabi,LA
71001,Arcadia,LA
71218,Archibald,LA
70512,Arnaudville,LA
71070,Ashland,LA
71003,Athens,LA
71040,Athens,LA
71404,Atlanta,LA
70513,"Avery Island",LA
70704,Baker,LA
70714,Baker,LA
70807,Baker,LA
70811,Baker,LA
70514,Baldwin,LA
70538,Baldwin,LA
71360,Ball,LA
71405,Ball,LA
70036,Barataria,LA
71110,"Barksdale Afb",LA
70515,Basile,LA
71219,Baskin,LA
71220,Bastrop,LA
71221,Bastrop,LA
70715,Batchelor,LA
70801,"Baton Rouge",LA
70802,"Baton Rouge",LA
70803,"Baton Rouge",LA
70804,"Baton Rouge",LA
70805,"Baton Rouge",LA
70806,"Baton Rouge",LA
70807,"Baton Rouge",LA
70808,"Baton Rouge",LA
70809,"Baton Rouge",LA
70810,"Baton Rouge",LA
70811,"Baton Rouge",LA
70812,"Baton Rouge",LA
70813,"Baton Rouge",LA
70814,"Baton Rouge",LA
70815,"Baton Rouge",LA
70816,"Baton Rouge",LA
70819,"Baton Rouge",LA
70820,"Baton Rouge",LA
70821,"Baton Rouge",LA
70822,"Baton Rouge",LA
70823,"Baton Rouge",LA
70826,"Baton Rouge",LA
70831,"Baton Rouge",LA
70833,"Baton Rouge",LA
70835,"Baton Rouge",LA
70837,"Baton Rouge",LA
70873,"Baton Rouge",LA
70874,"Baton Rouge",LA
70879,"Baton Rouge",LA
70883,"Baton Rouge",LA
70884,"Baton Rouge",LA
70891,"Baton Rouge",LA
70892,"Baton Rouge",LA
70893,"Baton Rouge",LA
70894,"Baton Rouge",LA
70895,"Baton Rouge",LA
70896,"Baton Rouge",LA
70898,"Baton Rouge",LA
71004,Belcher,LA
70630,"Bell City",LA
70037,"Belle Chasse",LA
70341,"Belle Rose",LA
71065,Belmont,LA
71406,Belmont,LA
71450,Belmont,LA
71486,Belmont,LA
71407,Bentley,LA
71006,Benton,LA
71222,Bernice,LA
70342,Berwick,LA
70380,Berwick,LA
71007,Bethany,LA
71008,Bienville,LA
71009,Blanchard,LA
71107,Blanchard,LA
70427,Bogalusa,LA
70429,Bogalusa,LA
71223,Bonita,LA
70038,Boothville,LA
70041,Boothville,LA
70091,Boothville,LA
71320,Bordelonville,LA
71355,Bordelonville,LA
71101,"Bossier City",LA
71107,"Bossier City",LA
71110,"Bossier City",LA
71111,"Bossier City",LA
71112,"Bossier City",LA
71113,"Bossier City",LA
71171,"Bossier City",LA
71172,"Bossier City",LA
70343,Bourg,LA
70039,Boutte,LA
70070,Boutte,LA
70080,Boutte,LA
71409,Boyce,LA
70040,Braithwaite,LA
70516,Branch,LA
70517,"Breaux Bridge",LA
70718,Brittany,LA
70508,Broussard,LA
70517,Broussard,LA
70518,Broussard,LA
70592,Broussard,LA
70719,Brusly,LA
70767,Brusly,LA
71322,Bunkie,LA
70041,Buras,LA
70738,Burnside,LA
70431,Bush,LA
70518,Cade,LA
70519,Cade,LA
70582,Cade,LA
71225,Calhoun,LA
71410,Calvin,LA
71483,Calvin,LA
70631,Cameron,LA
71411,Campti,LA
70507,Carencro,LA
70520,Carencro,LA
70721,Carville,LA
71016,Castor,LA
70512,Cecilia,LA
70517,Cecilia,LA
70521,Cecilia,LA
71323,"Center Point",LA
70522,Centerville,LA
70043,Chalmette,LA
70044,Chalmette,LA
70514,Charenton,LA
70523,Charenton,LA
70538,Charenton,LA
70544,Charenton,LA
71324,Chase,LA
70524,Chataignier,LA
70586,Chataignier,LA
71226,Chatham,LA
71238,Chatham,LA
70344,Chauvin,LA
71325,Cheneyville,LA
71227,Choudrant,LA
70525,"Church Point",LA
71414,Clarence,LA
71457,Clarence,LA
71415,Clarks,LA
71435,Clarks,LA
71326,Clayton,LA
71334,Clayton,LA
70722,Clinton,LA
71416,Cloutierville,LA
71417,Colfax,LA
71229,Collinston,LA
71418,Columbia,LA
70723,Convent,LA
71419,Converse,LA
71018,"Cotton Valley",LA
71327,Cottonport,LA
71019,Coushatta,LA
70433,Covington,LA
70434,Covington,LA
70435,Covington,LA
70632,Creole,LA
70526,Crowley,LA
70527,Crowley,LA
71230,Crowville,LA
71021,Cullen,LA
71075,Cullen,LA
70345,"Cut Off",LA
70725,Darrow,LA
70528,Delcambre,LA
70533,Delcambre,LA
71232,Delhi,LA
71233,Delta,LA
71282,Delta,LA
70726,"Denham Springs",LA
70727,"Denham Springs",LA
70633,Dequincy,LA
70634,Deridder,LA
70030,"Des Allemands",LA
70080,"Des Allemands",LA
70047,Destrehan,LA
70078,Destrehan,LA
71328,Deville,LA
71422,Dodson,LA
70346,Donaldsonville,LA
70352,Donner,LA
71234,Downsville,LA
71023,Doyline,LA
70637,"Dry Creek",LA
71423,"Dry Prong",LA
71235,Dubach,LA
71024,Dubberly,LA
70353,Dulac,LA
70363,Dulac,LA
70728,Duplessis,LA
71329,Dupont,LA
70529,Duson,LA
70578,Duson,LA
70583,Duson,LA
71330,Echo,LA
70049,Edgard,LA
71331,Effie,LA
70531,Egan,LA
70638,Elizabeth,LA
71051,"Elm Grove",LA
71424,Elmer,LA
70532,Elton,LA
70041,Empire,LA
70050,Empire,LA
70083,Empire,LA
71425,Enterprise,LA
71237,Epps,LA
70533,Erath,LA
71238,Eros,LA
70729,Erwinville,LA
70767,Erwinville,LA
70526,Estherwood,LA
70534,Estherwood,LA
70730,Ethel,LA
70535,Eunice,LA
70537,Evangeline,LA
70639,Evans,LA
71322,Evergreen,LA
71333,Evergreen,LA
71240,Fairbanks,LA
71241,Farmerville,LA
70591,Fenton,LA
70640,Fenton,LA
71334,Ferriday,LA
71426,Fisher,LA
71427,Flatwoods,LA
71428,Flora,LA
71429,Florien,LA
70436,Fluker,LA
70437,Folsom,LA
70732,Fordoche,LA
71242,Forest,LA
71263,Forest,LA
71430,"Forest Hill",LA
71243,"Fort Necessity",LA
70538,Franklin,LA
70438,Franklinton,LA
70733,"French Settlement",LA
71027,Frierson,LA
70345,Galliano,LA
70354,Galliano,LA
70540,"Garden City",LA
71409,Gardner,LA
70051,Garyville,LA
70076,Garyville,LA
70084,Garyville,LA
70734,Geismar,LA
71432,Georgetown,LA
70355,Gheens,LA
71028,Gibsland,LA
70356,Gibson,LA
71336,Gilbert,LA
71029,Gilliam,LA
71433,Glenmora,LA
71030,Gloster,LA
70736,Glynn,LA
70357,"Golden Meadow",LA
71031,Goldonna,LA
70707,Gonzales,LA
70718,Gonzales,LA
70737,Gonzales,LA
70738,Gonzales,LA
71434,Gorum,LA
71245,Grambling,LA
71270,Grambling,LA
70052,Gramercy,LA
71032,"Grand Cane",LA
70643,"Grand Chenier",LA
70512,"Grand Coteau",LA
70541,"Grand Coteau",LA
70584,"Grand Coteau",LA
70358,"Grand Isle",LA
70644,Grant,LA
70359,Gray,LA
70360,Gray,LA
70364,Gray,LA
71418,Grayson,LA
71435,Grayson,LA
70441,Greensburg,LA
70739,"Greenwell Springs",LA
71033,Greenwood,LA
71119,Greenwood,LA
71129,Greenwood,LA
70053,Gretna,LA
70054,Gretna,LA
70056,Gretna,LA
70740,"Grosse Tete",LA
70542,Gueydan,LA
70645,Hackberry,LA
70057,Hahnville,LA
71034,"Hall Summit",LA
71339,Hamburg,LA
70401,Hammond,LA
70402,Hammond,LA
70403,Hammond,LA
70404,Hammond,LA
70454,Hammond,LA
71340,Harrisonburg,LA
70058,Harvey,LA
70059,Harvey,LA
70072,Harvey,LA
71037,Haughton,LA
70630,Hayes,LA
70646,Hayes,LA
71038,Haynesville,LA
71039,Heflin,LA
71341,Hessmer,LA
71350,Hessmer,LA
70743,Hester,LA
70763,Hester,LA
70792,Hester,LA
71438,Hineston,LA
71247,Hodge,LA
70744,Holden,LA
71040,Homer,LA
71439,Hornbeck,LA
71043,Hosston,LA
70360,Houma,LA
70361,Houma,LA
70363,Houma,LA
70364,Houma,LA
70442,Husser,LA
71044,Ida,LA
70443,Independence,LA
70747,Innis,LA
70543,Iota,LA
70647,Iowa,LA
70748,Jackson,LA
71045,Jamestown,LA
70749,Jarreau,LA
70544,Jeanerette,LA
71342,Jena,LA
70546,Jennings,LA
71249,Jigger,LA
71250,Jones,LA
71251,Jonesboro,LA
71343,Jonesville,LA
71483,Joyce,LA
70548,Kaplan,LA
71046,Keatchie,LA
71047,Keithville,LA
71441,Kelly,LA
70003,Kenner,LA
70062,Kenner,LA
70063,Kenner,LA
70064,Kenner,LA
70065,Kenner,LA
70097,Kenner,LA
70444,Kentwood,LA
71253,Kilbourne,LA
71263,Kilbourne,LA
70648,Kinder,LA
70301,Kraemer,LA
70750,"Krotz Springs",LA
71443,Kurthwood,LA
70068,"La Place",LA
70301,Labadieville,LA
70372,Labadieville,LA
70647,Lacassine,LA
70650,Lacassine,LA
70445,Lacombe,LA
70460,Lacombe,LA
70501,Lafayette,LA
70502,Lafayette,LA
70503,Lafayette,LA
70504,Lafayette,LA
70505,Lafayette,LA
70506,Lafayette,LA
70507,Lafayette,LA
70508,Lafayette,LA
70509,Lafayette,LA
70518,Lafayette,LA
70583,Lafayette,LA
70592,Lafayette,LA
70593,Lafayette,LA
70595,Lafayette,LA
70596,Lafayette,LA
70598,Lafayette,LA
70036,Lafitte,LA
70067,Lafitte,LA
70549,"Lake Arthur",LA
70601,"Lake Charles",LA
70602,"Lake Charles",LA
70605,"Lake Charles",LA
70606,"Lake Charles",LA
70607,"Lake Charles",LA
70609,"Lake Charles",LA
70612,"Lake Charles",LA
70615,"Lake Charles",LA
70616,"Lake Charles",LA
71254,"Lake Providence",LA
71286,"Lake Providence",LA
70752,Lakeland,LA
70345,Larose,LA
70373,Larose,LA
70374,Larose,LA
70550,Lawtell,LA
70570,Lawtell,LA
71345,Lebeau,LA
70651,Leblanc,LA
71346,Lecompte,LA
71430,Lecompte,LA
71446,Leesville,LA
71496,Leesville,LA
71447,Lena,LA
70512,Leonville,LA
70551,Leonville,LA
70570,Leonville,LA
70753,Lettsworth,LA
71348,Libuse,LA
71256,Lillie,LA
71040,Lisbon,LA
71048,Lisbon,LA
70754,Livingston,LA
70755,Livonia,LA
70757,Livonia,LA
70374,Lockport,LA
71049,Logansport,LA
71448,Longleaf,LA
71046,Longstreet,LA
71049,Longstreet,LA
71050,Longstreet,LA
70652,Longville,LA
70446,Loranger,LA
70552,Loreauville,LA
70756,Lottie,LA
70039,Luling,LA
70057,Luling,LA
70070,Luling,LA
70071,Lutcher,LA
70544,Lydia,LA
70560,Lydia,LA
70569,Lydia,LA
70447,Madisonville,LA
70554,Mamou,LA
70448,Mandeville,LA
70470,Mandeville,LA
70471,Mandeville,LA
71259,Mangham,LA
71052,Mansfield,LA
71350,Mansura,LA
71449,Many,LA
70757,Maringouin,LA
71260,Marion,LA
71350,Marksville,LA
71351,Marksville,LA
70058,Marrero,LA
70072,Marrero,LA
70073,Marrero,LA
71450,Marthaville,LA
70374,Mathews,LA
70375,Mathews,LA
70394,Mathews,LA
70449,Maurepas,LA
70555,Maurice,LA
71452,Melrose,LA
71353,Melville,LA
71261,"Mer Rouge",LA
70075,Meraux,LA
70092,Meraux,LA
70556,Mermentau,LA
70559,Mermentau,LA
70634,Merryville,LA
70653,Merryville,LA
70001,Metairie,LA
70002,Metairie,LA
70003,Metairie,LA
70004,Metairie,LA
70005,Metairie,LA
70006,Metairie,LA
70009,Metairie,LA
70010,Metairie,LA
70011,Metairie,LA
70033,Metairie,LA
70055,Metairie,LA
70060,Metairie,LA
70062,Metairie,LA
70508,Milton,LA
70558,Milton,LA
70592,Milton,LA
71055,Minden,LA
71058,Minden,LA
71073,Minden,LA
70654,Mittie,LA
71201,Monroe,LA
71202,Monroe,LA
71203,Monroe,LA
71207,Monroe,LA
71208,Monroe,LA
71209,Monroe,LA
71210,Monroe,LA
71211,Monroe,LA
71212,Monroe,LA
71213,Monroe,LA
71217,Monroe,LA
70377,Montegut,LA
71354,Monterey,LA
71454,Montgomery,LA
71060,Mooringsport,LA
71455,Mora,LA
71355,Moreauville,LA
70380,"Morgan City",LA
70381,"Morgan City",LA
70715,Morganza,LA
70759,Morganza,LA
71356,Morrow,LA
70559,Morse,LA
70051,"Mount Airy",LA
70450,"Mount Hermon",LA
70390,Napoleonville,LA
70401,Natalbany,LA
70451,Natalbany,LA
70466,Natalbany,LA
71456,Natchez,LA
71457,Natchez,LA
71457,Natchitoches,LA
71458,Natchitoches,LA
71469,Natchitoches,LA
71497,Natchitoches,LA
71460,Negreet,LA
70560,"New Iberia",LA
70562,"New Iberia",LA
70563,"New Iberia",LA
70112,"New Orleans",LA
70113,"New Orleans",LA
70114,"New Orleans",LA
70115,"New Orleans",LA
70116,"New Orleans",LA
70117,"New Orleans",LA
70118,"New Orleans",LA
70119,"New Orleans",LA
70122,"New Orleans",LA
70124,"New Orleans",LA
70125,"New Orleans",LA
70126,"New Orleans",LA
70127,"New Orleans",LA
70128,"New Orleans",LA
70129,"New Orleans",LA
70130,"New Orleans",LA
70131,"New Orleans",LA
70141,"New Orleans",LA
70142,"New Orleans",LA
70143,"New Orleans",LA
70148,"New Orleans",LA
70150,"New Orleans",LA
70151,"New Orleans",LA
70152,"New Orleans",LA
70153,"New Orleans",LA
70154,"New Orleans",LA
70156,"New Orleans",LA
70157,"New Orleans",LA
70158,"New Orleans",LA
70159,"New Orleans",LA
70160,"New Orleans",LA
70161,"New Orleans",LA
70162,"New Orleans",LA
70164,"New Orleans",LA
70165,"New Orleans",LA
70166,"New Orleans",LA
70167,"New Orleans",LA
70172,"New Orleans",LA
70174,"New Orleans",LA
70175,"New Orleans",LA
70176,"New Orleans",LA
70177,"New Orleans",LA
70178,"New Orleans",LA
70179,"New Orleans",LA
70181,"New Orleans",LA
70182,"New Orleans",LA
70183,"New Orleans",LA
70184,"New Orleans",LA
70185,"New Orleans",LA
70186,"New Orleans",LA
70187,"New Orleans",LA
70189,"New Orleans",LA
70190,"New Orleans",LA
70195,"New Orleans",LA
70759,"New Roads",LA
70760,"New Roads",LA
70047,"New Sarpy",LA
71357,Newellton,LA
71461,Newllano,LA
71419,Noble,LA
71462,Noble,LA
70047,Norco,LA
70079,Norco,LA
70761,Norwood,LA
71263,"Oak Grove",LA
71264,"Oak Ridge",LA
71463,Oakdale,LA
70648,Oberlin,LA
70655,Oberlin,LA
71061,"Oil City",LA
71082,"Oil City",LA
71465,Olla,LA
70570,Opelousas,LA
70571,Opelousas,LA
70762,Oscar,LA
71466,Otis,LA
70390,Paincourtville,LA
70391,Paincourtville,LA
71358,Palmetto,LA
70030,Paradis,LA
70080,Paradis,LA
70392,Patterson,LA
70071,Paulina,LA
70763,Paulina,LA
70452,"Pearl River",LA
71063,Pelican,LA
70575,Perry,LA
70339,"Pierre Part",LA
70041,Pilottown,LA
70453,"Pine Grove",LA
70576,"Pine Prairie",LA
70586,"Pine Prairie",LA
71348,Pineville,LA
71359,Pineville,LA
71360,Pineville,LA
71361,Pineville,LA
71405,Pineville,LA
71266,Pioneer,LA
70656,Pitkin,LA
71064,"Plain Dealing",LA
70764,Plaquemine,LA
70765,Plaquemine,LA
70393,Plattenville,LA
71327,Plaucheville,LA
71362,Plaucheville,LA
71065,"Pleasant Hill",LA
70082,"Pointe A La Hache",LA
71407,Pollock,LA
71467,Pollock,LA
70403,Ponchatoula,LA
70454,Ponchatoula,LA
70767,"Port Allen",LA
70577,"Port Barre",LA
70083,"Port Sulphur",LA
71066,Powhatan,LA
71457,Powhatan,LA
70737,Prairieville,LA
70769,Prairieville,LA
70770,Pride,LA
71067,Princeton,LA
71468,Provencal,LA
71469,Provencal,LA
71268,Quitman,LA
70394,Raceland,LA
70657,Ragley,LA
70578,Rayne,LA
71269,Rayville,LA
70554,Reddell,LA
70580,Reddell,LA
70658,Reeves,LA
70068,Reserve,LA
70084,Reserve,LA
71363,Rhinehart,LA
71068,Ringgold,LA
70581,Roanoke,LA
71469,Robeline,LA
70455,Robert,LA
71069,Rodessa,LA
70740,Rosedale,LA
70772,Rosedale,LA
70456,Roseland,LA
70634,Rosepine,LA
70659,Rosepine,LA
70773,Rougon,LA
71365,Ruby,LA
71270,Ruston,LA
71272,Ruston,LA
71273,Ruston,LA
70774,"Saint Amant",LA
70457,"Saint Benedict",LA
70085,"Saint Bernard",LA
70775,"Saint Francisville",LA
70776,"Saint Gabriel",LA
70086,"Saint James",LA
71366,"Saint Joseph",LA
71367,"Saint Landry",LA
70582,"Saint Martinville",LA
71471,"Saint Maurice",LA
70087,"Saint Rose",LA
71070,Saline,LA
71071,Sarepta,LA
70301,Schriever,LA
70395,Schriever,LA
70506,Scott,LA
70507,Scott,LA
70529,Scott,LA
70583,Scott,LA
71072,Shongaloo,LA
71033,Shreveport,LA
71047,Shreveport,LA
71101,Shreveport,LA
71102,Shreveport,LA
71103,Shreveport,LA
71104,Shreveport,LA
71105,Shreveport,LA
71106,Shreveport,LA
71107,Shreveport,LA
71108,Shreveport,LA
71109,Shreveport,LA
71111,Shreveport,LA
71112,Shreveport,LA
71115,Shreveport,LA
71118,Shreveport,LA
71119,Shreveport,LA
71120,Shreveport,LA
71129,Shreveport,LA
71130,Shreveport,LA
71133,Shreveport,LA
71134,Shreveport,LA
71135,Shreveport,LA
71136,Shreveport,LA
71137,Shreveport,LA
71138,Shreveport,LA
71148,Shreveport,LA
71149,Shreveport,LA
71150,Shreveport,LA
71151,Shreveport,LA
71152,Shreveport,LA
71153,Shreveport,LA
71154,Shreveport,LA
71156,Shreveport,LA
71161,Shreveport,LA
71162,Shreveport,LA
71163,Shreveport,LA
71164,Shreveport,LA
71165,Shreveport,LA
71166,Shreveport,LA
71073,Sibley,LA
71368,"Sicily Island",LA
71472,Sieper,LA
71473,Sikes,LA
71369,Simmesport,LA
71446,Simpson,LA
71474,Simpson,LA
71270,Simsboro,LA
71275,Simsboro,LA
70634,Singer,LA
70660,Singer,LA
71475,Slagle,LA
70777,Slaughter,LA
70458,Slidell,LA
70459,Slidell,LA
70460,Slidell,LA
70461,Slidell,LA
70469,Slidell,LA
71276,Sondheimer,LA
70737,Sorrento,LA
70774,Sorrento,LA
70778,Sorrento,LA
71277,Spearsville,LA
70462,Springfield,LA
71075,Springhill,LA
70661,Starks,LA
71264,Start,LA
71269,Start,LA
71279,Start,LA
71203,Sterlington,LA
71280,Sterlington,LA
71078,Stonewall,LA
70634,Sugartown,LA
70662,Sugartown,LA
70663,Sulphur,LA
70664,Sulphur,LA
70665,Sulphur,LA
70669,Sulphur,LA
71079,Summerfield,LA
70427,Sun,LA
70463,Sun,LA
70541,Sunset,LA
70584,Sunset,LA
70780,Sunshine,LA
71203,Swartz,LA
71281,Swartz,LA
70464,Talisheek,LA
71282,Tallulah,LA
70444,Tangipahoa,LA
70465,Tangipahoa,LA
71080,Taylor,LA
70397,Theriot,LA
70301,Thibodaux,LA
70302,Thibodaux,LA
70310,Thibodaux,LA
70466,Tickfaw,LA
71477,Tioga,LA
71286,Transylvania,LA
71371,Trout,LA
71479,Tullos,LA
70782,Tunica,LA
70585,"Turkey Creek",LA
70586,"Turkey Creek",LA
70792,"Uncle Sam",LA
71480,Urania,LA
70090,Vacherie,LA
70091,Venice,LA
70783,Ventress,LA
71373,Vidalia,LA
70586,"Ville Platte",LA
70668,Vinton,LA
70092,Violet,LA
71082,Vivian,LA
70784,Wakefield,LA
70726,Walker,LA
70754,Walker,LA
70785,Walker,LA
70589,Washington,LA
71375,Waterproof,LA
70706,Watson,LA
70786,Watson,LA
70591,Welsh,LA
71291,"West Monroe",LA
71292,"West Monroe",LA
71294,"West Monroe",LA
70669,Westlake,LA
70094,Westwego,LA
70096,Westwego,LA
70787,Weyanoke,LA
70788,"White Castle",LA
71377,Wildsville,LA
70789,Wilson,LA
71483,Winnfield,LA
71295,Winnsboro,LA
71378,Wisner,LA
71346,Woodworth,LA
71430,Woodworth,LA
71485,Woodworth,LA
70518,Youngsville,LA
70592,Youngsville,LA
70777,Zachary,LA
70791,Zachary,LA
71462,Zwolle,LA
71486,Zwolle,LA
70422,"Amite City",LA
70094,Avondale,LA
71418,"Banks Springs",LA
71292,Bawcomville,LA
70301,"Bayou Blue",LA
70359,"Bayou Blue",LA
70364,"Bayou Blue",LA
70360,"Bayou Cane",LA
70364,"Bayou Cane",LA
70341,"Bayou Corne",LA
70301,"Bayou Country Club",LA
70030,"Bayou Gauche",LA
70788,"Bayou Goula",LA
70380,"Bayou L'ourse",LA
70380,"Bayou Vista",LA
70094,"Bridge City",LA
70811,Brownfields,LA
71292,Brownsville,LA
71008,Bryceland,LA
71028,Bryceland,LA
70584,Cankton,LA
70665,Carlyss,LA
70582,Catahoula,LA
70714,Central,LA
70739,Central,LA
70770,Central,LA
70791,Central,LA
70818,Central,LA
70819,Central,LA
70301,Chackbay,LA
70301,Choctaw,LA
71291,Claiborne,LA
71423,Creola,LA
70764,Crescent,LA
71055,"Dixie Inn",LA
71247,"East Hodge",LA
71037,Eastwood,LA
71067,Eastwood,LA
70458,"Eden Isle",LA
71019,Edgefield,LA
70121,Elmwood,LA
70123,Elmwood,LA
70072,Estelle,LA
71351,"Fifth Ward",LA
71449,"Fort Jesup",LA
71469,"Fort Jesup",LA
70656,"Fort Polk North",LA
71446,"Fort Polk North",LA
71459,"Fort Polk North",LA
70656,"Fort Polk South",LA
71446,"Fort Polk South",LA
71459,"Fort Polk South",LA
70810,Gardere,LA
70820,Gardere,LA
70611,Gillis,LA
70538,Glencoe,LA
70743,"Grand Point",LA
70763,"Grand Point",LA
70123,Harahan,LA
70517,Henderson,LA
70809,Inniswold,LA
70816,Inniswold,LA
70067,"Jean Lafitte",LA
70121,Jefferson,LA
71483,"Jordan Hill",LA
71256,"Junction City",LA
71749,"Junction City",LA
71046,Keachi,LA
70462,Killian,LA
70057,Killona,LA
70301,"Lafourche Crossing",LA
71203,Lakeshore,LA
71107,Lakeview,LA
70068,Laplace,LA
70086,Lemannville,LA
70346,Lemannville,LA
70374,"Lockport Heights",LA
70394,"Lockport Heights",LA
71008,Lucky,LA
71016,Lucky,LA
71019,Martin,LA
71433,Mcnary,LA
70812,Merrydale,LA
70814,Merrydale,LA
71342,Midway,LA
71373,Minorca,LA
70814,Monticello,LA
70422,Montpelier,LA
70068,Montz,LA
70086,Moonshine,LA
70611,"Moss Bluff",LA
71282,Mound,LA
71028,"Mount Lebanon",LA
71446,"New Llano",LA
71461,"New Llano",LA
71247,"North Hodge",LA
71268,"North Hodge",LA
70090,"North Vacherie",LA
70810,"Oak Hills Place",LA
70817,"Old Jefferson",LA
70660,Oretta,LA
70507,Ossun,LA
70520,Ossun,LA
70583,Ossun,LA
70582,Parks,LA
70090,"Pleasure Bend",LA
71457,"Point Place",LA
70726,"Port Vincent",LA
70085,Poydras,LA
70092,Poydras,LA
70343,Presquille,LA
70363,Presquille,LA
70605,Prien,LA
71423,Prospect,LA
71037,"Red Chute",LA
71282,Richmond,LA
71284,Richmond,LA
71202,Richwood,LA
71334,Ridgecrest,LA
70123,"River Ridge",LA
71417,"Rock Hill",LA
70723,Romeville,LA
70816,Shenandoah,LA
70817,Shenandoah,LA
70380,Siracusaville,LA
70544,Sorrel,LA
71052,"South Mansfield",LA
70090,"South Vacherie",LA
71334,Spokane,LA
71032,Stanley,LA
71049,Stanley,LA
71052,Stanley,LA
70775,"St. Francisville",LA
70721,"St. Gabriel",LA
70776,"St. Gabriel",LA
70780,"St. Gabriel",LA
70086,"St. James",LA
71366,"St. Joseph",LA
70582,"St. Martinville",LA
71454,"St. Maurice",LA
71457,"St. Maurice",LA
70087,"St. Rose",LA
70390,Supreme,LA
70057,Taft,LA
70056,Terrytown,LA
70056,Timberlane,LA
70041,Triumph,LA
70723,Union,LA
70426,Varnado,LA
71235,Vienna,LA
71270,Vienna,LA
71457,"Vienna Bend",LA
70810,"Village St. George",LA
70094,Waggaman,LA
70049,Wallace,LA
70090,Wallace,LA
71343,"Wallace Ridge",LA
70086,Welcome,LA
70809,Westminster,LA
70058,Woodmere,LA
